incident_id,affected_device,device_type,severity,confidence_summary,number_of_correlated_alerts,time_window,compliance_tags,recommended_action,timestamp,start_time,end_time,ward,life_support,criticality_tier,protocol,src_ip,dst_port,heart_rate_bpm,temperature_celsius,rhythm_label,fall_detected,posture_event,attack_type,anomaly_flag,prediction,ecg_raw_value,accel_x,gyro_x,label,falls_count,movement_anomaly
INC-2F3E4C2B,PULSE_ESP32_001,ESP32_Pulse_Oximeter,High,0.5,190,5 minutes,MEDICAL_LIFESUPPORT; LOC_ICU,High Priority: Security Threat detected on PULSE_ESP32_001. Check patient status and secure network.,2025-03-10T22:18:34.596479,2025-03-10T22:13:35.779174,2025-03-10T22:18:34.596479,ICU,TRUE,9,MQTT,10.86.251.45,N/A,21.5,0,,False,,None,False,Anomaly,0,0,0,N/A,0,False
INC-2EF5B1A1,PULSE_ESP32_001,ESP32_Pulse_Oximeter,High,0.5,149,5 minutes,MEDICAL_LIFESUPPORT; LOC_ICU,High Priority: Security Threat detected on PULSE_ESP32_001. Check patient status and secure network.,2025-03-10T22:23:35.422771,2025-03-10T22:18:36.615486,2025-03-10T22:23:35.422771,ICU,TRUE,9,MQTT,10.86.251.45,N/A,24.0,0,,False,,None,False,Anomaly,0,0,0,N/A,0,False
INC-4DEE2488,PULSE_ESP32_001,ESP32_Pulse_Oximeter,High,0.5,149,5 minutes,MEDICAL_LIFESUPPORT; LOC_ICU,High Priority: Security Threat detected on PULSE_ESP32_001. Check patient status and secure network.,2025-03-10T22:28:36.182128,2025-03-10T22:23:37.440778,2025-03-10T22:28:36.182128,ICU,TRUE,9,MQTT,10.86.251.45,N/A,0.0,0,,False,,None,False,Anomaly,0,0,0,N/A,0,False
INC-A3390B40,PULSE_ESP32_001,ESP32_Pulse_Oximeter,High,0.5,147,5 minutes,MEDICAL_LIFESUPPORT; LOC_ICU,High Priority: Security Threat detected on PULSE_ESP32_001. Check patient status and secure network.,2025-03-10T22:33:32.377339,2025-03-10T22:28:38.201136,2025-03-10T22:33:32.377339,ICU,TRUE,9,MQTT,10.86.251.45,N/A,23.5,0,,False,,None,False,Anomaly,0,0,0,N/A,0,False
INC-26862607,PULSE_ESP32_001,ESP32_Pulse_Oximeter,High,0.5,149,5 minutes,MEDICAL_LIFESUPPORT; LOC_ICU,High Priority: Security Threat detected on PULSE_ESP32_001. Check patient status and secure network.,2025-03-10T22:41:32.778684,2025-03-10T22:36:34.043349,2025-03-10T22:41:32.778684,ICU,TRUE,9,MQTT,10.86.251.45,N/A,0.6,0,,False,,None,False,Anomaly,0,0,0,N/A,0,False
INC-C1B04259,PULSE_ESP32_001,ESP32_Pulse_Oximeter,High,0.5,15,5 minutes,MEDICAL_LIFESUPPORT; LOC_ICU,High Priority: Security Threat detected on PULSE_ESP32_001. Check patient status and secure network.,2025-03-10T22:42:01.044810,2025-03-10T22:41:34.797692,2025-03-10T22:42:01.044810,ICU,TRUE,9,MQTT,10.86.251.45,N/A,35.5,0,,False,,None,False,Anomaly,0,0,0,N/A,0,False
INC-577DE4BB,56,1,Critical,0.95,120,5 minutes,LOC_1,EMERGENCY: Physical and Cyber threats correlated on 56 in 1. Response required immediately.,2025-03-10T22:18:33.730417,2025-03-10T22:13:35.981866,2025-03-10T22:18:33.730417,1,False,5,0,82,1883,0,0,-1,True,"1, 0, 2, 3","8, 5, 6",True,"-1, 5, 8, 6",,0.0992,0.805,0,25,True
INC-594CB01D,56,1,Critical,0.95,105,5 minutes,LOC_1,EMERGENCY: Physical and Cyber threats correlated on 56 in 1. Response required immediately.,2025-03-10T22:23:36.509015,2025-03-10T22:18:38.527100,2025-03-10T22:23:36.509015,1,False,5,"1, 0, 3, 4, 6",82,6666,0,0,-1,True,"1, 0, 2, 3","7, 6, 5",True,"-1, 7, 6, 5",,-0.1157,-0.9371,1,14,False
INC-FCCFBB92,56,1,Critical,0.95,145,5 minutes,LOC_1,EMERGENCY: Physical and Cyber threats correlated on 56 in 1. Response required immediately.,2025-03-10T22:28:39.777988,2025-03-10T22:23:41.416077,2025-03-10T22:28:39.777988,1,False,5,"1, 0, 3, 4, 6","123, 106, 132",80,0,0,-1,True,"1, 0, 2, 3","7, 3, 4, 6",True,"-1, 0, 3, 7, 4, 6",,0.0252,-0.0573,1,21,True
INC-45242E70,56,1,Critical,0.95,28,5 minutes,LOC_1,EMERGENCY: Physical and Cyber threats correlated on 56 in 1. Response required immediately.,2025-03-10T22:30:46.081408,2025-03-10T22:28:44.171596,2025-03-10T22:30:46.081408,1,False,5,0,82,1883,0,0,-1,True,"1, 0, 2, 3",6,True,"0, -1, 6",,0.2663,0.1629,0,10,True
INC-6533B034,61,2,Critical,0.95,120,5 minutes,LOC_0,EMERGENCY: Physical and Cyber threats correlated on 61 in 0. Response required immediately.,2025-03-10T22:18:34.041965,2025-03-10T22:13:35.983707,2025-03-10T22:18:34.041965,0,False,6,5,36,1883,0,97.95,-1,False,-1,"8, 5, 6",True,"-1, 5, 8, 6",,,,0,0,False
INC-197A904E,61,2,Critical,0.95,114,5 minutes,LOC_0,EMERGENCY: Physical and Cyber threats correlated on 61 in 0. Response required immediately.,2025-03-10T22:23:37.287288,2025-03-10T22:18:39.047256,2025-03-10T22:23:37.287288,0,False,6,"5, 2, 3, 7, 4",36,1883,0,31.48,-1,False,-1,"7, 6, 5",True,"-1, 7, 6, 5",,,,0,0,False
INC-9B73891B,61,2,Critical,0.95,139,5 minutes,LOC_0,EMERGENCY: Physical and Cyber threats correlated on 61 in 0. Response required immediately.,2025-03-10T22:28:41.306047,2025-03-10T22:23:42.110853,2025-03-10T22:28:41.306047,0,False,6,"5, 2, 3, 7, 4","112, 104, 110",1883,0,31.49,-1,False,-1,"7, 3, 4, 6",True,"-1, 3, 7, 4, 6",,,,0,0,False
INC-B9E9585E,61,2,Critical,0.95,60,5 minutes,LOC_0,EMERGENCY: Physical and Cyber threats correlated on 61 in 0. Response required immediately.,2025-03-10T22:33:45.326872,2025-03-10T22:28:46.315056,2025-03-10T22:33:45.326872,0,False,6,5,36,1883,0,31.46,-1,False,-1,6,True,"0, 6",,,,1,0,False
INC-3675D321,61,2,Critical,0.95,55,5 minutes,LOC_0,EMERGENCY: Physical and Cyber threats correlated on 61 in 0. Response required immediately.,2025-03-10T22:38:23.221385,2025-03-10T22:33:50.327881,2025-03-10T22:38:23.221385,0,False,6,5,36,1883,0,31.49,-1,False,-1,6,True,6,,,,1,0,False
INC-47CC5DED,MOTION_ESP32_001,ESP32_Fall_Detection_Motion,High,0.5,60,5 minutes,LOC_WARD_01,High Priority: Physical Anomaly detected on MOTION_ESP32_001. Check patient status and secure network.,2025-03-10T22:18:33.767747,2025-03-10T22:13:36.019192,2025-03-10T22:18:33.767747,Ward_01,FALSE,5,BLE_MQTT,10.98.160.21,1883,0,0,,True,"SITTING, LYING, FALL_DETECTED, STANDING",None,False,Anomaly,0,0.0992,0.805,N/A,5,False
INC-37DDD5B5,MOTION_ESP32_001,ESP32_Fall_Detection_Motion,High,0.5,60,5 minutes,LOC_WARD_01,High Priority: Physical Anomaly detected on MOTION_ESP32_001. Check patient status and secure network.,2025-03-10T22:23:36.546321,2025-03-10T22:18:38.768757,2025-03-10T22:23:36.546321,Ward_01,FALSE,5,BLE_MQTT,10.98.160.21,1883,0,0,,True,"SITTING, LYING, FALL_DETECTED, STANDING",None,False,Anomaly,0,0.1717,-0.1403,N/A,9,False
INC-CBAF15A5,MOTION_ESP32_001,ESP32_Fall_Detection_Motion,High,0.5,60,5 minutes,LOC_WARD_01,High Priority: Physical Anomaly detected on MOTION_ESP32_001. Check patient status and secure network.,2025-03-10T22:28:39.170948,2025-03-10T22:23:41.635332,2025-03-10T22:28:39.170948,Ward_01,FALSE,5,BLE_MQTT,10.98.160.21,1883,0,0,,True,"SITTING, LYING, FALL_DETECTED, STANDING",None,False,Anomaly,0,0.0941,-0.4112,N/A,8,False
INC-8C05E3B1,MOTION_ESP32_001,ESP32_Fall_Detection_Motion,Low,0.5,3,5 minutes,LOC_WARD_01,Routine maintenance: Minor anomalies detected.,2025-03-10T22:28:54.208980,2025-03-10T22:28:44.208958,2025-03-10T22:28:54.208980,Ward_01,FALSE,5,BLE_MQTT,10.98.160.21,1883,0,0,,False,"SITTING, LYING",None,False,Anomaly,0,0.2663,0.1629,N/A,0,False
INC-542C8362,TEMP_ESP32_001,ESP32_Temperature_Monitor,High,0.5,60,5 minutes,LOC_GENERAL_WARD,High Priority: Security Threat detected on TEMP_ESP32_001. Check patient status and secure network.,2025-03-10T22:18:34.034075,2025-03-10T22:13:36.021592,2025-03-10T22:18:34.034075,General_Ward,FALSE,6,MQTT,10.18.166.210,1883,0,31.0,,False,,None,False,Anomaly,0,0,0,N/A,0,False
INC-368B566E,TEMP_ESP32_001,ESP32_Temperature_Monitor,High,0.5,69,5 minutes,LOC_GENERAL_WARD,High Priority: Security Threat detected on TEMP_ESP32_001. Check patient status and secure network.,2025-03-10T22:23:37.096575,2025-03-10T22:18:39.085083,2025-03-10T22:23:37.096575,General_Ward,FALSE,6,MQTT,10.18.166.210,1883,0,31.0,,False,,None,False,Anomaly,0,0,0,N/A,0,False
INC-0D090DA7,TEMP_ESP32_001,ESP32_Temperature_Monitor,High,0.5,54,5 minutes,LOC_GENERAL_WARD,High Priority: Security Threat detected on TEMP_ESP32_001. Check patient status and secure network.,2025-03-10T22:28:09.853087,2025-03-10T22:23:42.148583,2025-03-10T22:28:09.853087,General_Ward,FALSE,6,MQTT,10.18.166.210,1883,0,30.94,,False,,None,False,Anomaly,0,0,0,N/A,0,False
INC-5DAED199,1,1,Critical,0.95,3,5 minutes,LOC_1,EMERGENCY: Physical and Cyber threats correlated on 1 in 1. Response required immediately.,2025-03-10T22:21:20.179415,2025-03-10T22:20:19.604299,2025-03-10T22:21:20.179415,1,False,5,0,82,1883,0,0,-1,True,"1, 0, 2",2,True,2,,0.2886,-0.2296,1,1,False
INC-FBD7A388,59,2,Critical,0.95,4,5 minutes,LOC_0,EMERGENCY: Physical and Cyber threats correlated on 59 in 0. Response required immediately.,2025-03-10T22:21:20.837045,2025-03-10T22:20:20.318150,2025-03-10T22:21:20.837045,0,False,6,5,36,1883,0,31.17,-1,False,-1,2,True,2,,,,1,0,False
INC-442D7FC7,58,1,Critical,0.95,3,5 minutes,LOC_1,EMERGENCY: Physical and Cyber threats correlated on 58 in 1. Response required immediately.,2025-03-10T22:20:49.863357,2025-03-10T22:20:24.681310,2025-03-10T22:20:49.863357,1,False,5,0,82,1883,0,0,-1,True,"0, 2",2,True,2,,4.4075,14.6903,1,1,False
INC-F73AE0DA,33,2,Critical,0.95,4,5 minutes,LOC_0,EMERGENCY: Physical and Cyber threats correlated on 33 in 0. Response required immediately.,2025-03-10T22:21:05.658011,2025-03-10T22:20:25.355158,2025-03-10T22:21:05.658011,0,False,6,5,36,1883,0,31.24,-1,False,-1,2,True,2,,,,1,0,False
INC-FFA0052D,91,1,Critical,0.95,10,5 minutes,LOC_1,EMERGENCY: Physical and Cyber threats correlated on 91 in 1. Response required immediately.,2025-03-10T22:21:30.914064,2025-03-10T22:20:29.742319,2025-03-10T22:21:30.914064,1,False,5,"0, 5","36, 82",1883,0,31.5,-1,True,"1, -1, 0, 2, 3",2,True,2,,0.0526,-0.8293,1,1,False
INC-F6024597,91,0,Critical,0.95,5,5 minutes,LOC_2,EMERGENCY: Physical and Cyber threats correlated on 91 in 2. Response required immediately.,2025-03-10T22:36:31.906943,2025-03-10T22:35:59.645800,2025-03-10T22:36:31.906943,2,False,7,0,57,1883,65.2,0,1,False,-1,2,True,2,2306.0,,,1,0,False
INC-ACF2300E,60,2,Critical,0.95,4,5 minutes,LOC_0,EMERGENCY: Physical and Cyber threats correlated on 60 in 0. Response required immediately.,2025-03-10T22:21:15.775035,2025-03-10T22:20:40.422184,2025-03-10T22:21:15.775035,0,False,6,5,36,1883,0,31.4,-1,False,-1,2,True,2,,,,1,0,False
INC-CE45FC7A,35,1,Critical,0.95,2,5 minutes,LOC_1,EMERGENCY: Physical and Cyber threats correlated on 35 in 1. Response required immediately.,2025-03-10T22:21:30.227435,2025-03-10T22:20:44.860348,2025-03-10T22:21:30.227435,1,False,5,0,82,1883,0,0,-1,True,"0, 3",2,True,2,,3.3934,16.5249,1,1,False
INC-4726F2CF,50,1,Critical,0.95,1,5 minutes,LOC_1,EMERGENCY: Physical and Cyber threats correlated on 50 in 1. Response required immediately.,2025-03-10T22:30:00.202144,2025-03-10T22:30:00.202144,2025-03-10T22:30:00.202144,1,False,5,0,6,4444,0,0,-1,False,2,1,False,1,,17.0306,0.3047,1,0,True
INC-787ED166,39,1,Critical,0.95,1,5 minutes,LOC_1,EMERGENCY: Physical and Cyber threats correlated on 39 in 1. Response required immediately.,2025-03-10T22:30:00.232153,2025-03-10T22:30:00.232153,2025-03-10T22:30:00.232153,1,False,5,3,77,9999,0,0,-1,False,3,1,False,1,,-1.2114,-0.2715,1,0,False
INC-0B08AAED,47,1,Critical,0.95,1,5 minutes,LOC_1,EMERGENCY: Physical and Cyber threats correlated on 47 in 1. Response required immediately.,2025-03-10T22:30:00.262162,2025-03-10T22:30:00.262162,2025-03-10T22:30:00.262162,1,False,5,3,18,4444,0,0,-1,False,2,1,False,1,,1.4408,0.269,1,0,True
INC-109A7289,46,1,Critical,0.95,1,5 minutes,LOC_1,EMERGENCY: Physical and Cyber threats correlated on 46 in 1. Response required immediately.,2025-03-10T22:30:00.292171,2025-03-10T22:30:00.292171,2025-03-10T22:30:00.292171,1,False,5,3,38,1883,0,0,-1,False,2,1,True,1,,18.8444,0.3342,1,0,True
INC-A3F238DE,53,1,Critical,0.95,1,5 minutes,LOC_1,EMERGENCY: Physical and Cyber threats correlated on 53 in 1. Response required immediately.,2025-03-10T22:30:00.322180,2025-03-10T22:30:00.322180,2025-03-10T22:30:00.322180,1,False,5,3,14,4444,0,0,-1,False,2,1,False,1,,5.4927,0.3187,1,0,False
INC-7F25290F,37,1,Critical,0.95,1,5 minutes,LOC_1,EMERGENCY: Physical and Cyber threats correlated on 37 in 1. Response required immediately.,2025-03-10T22:30:00.352189,2025-03-10T22:30:00.352189,2025-03-10T22:30:00.352189,1,False,5,7,68,4444,0,0,-1,False,2,1,False,1,,5.0842,-0.6697,1,0,False
INC-9F5DF6F1,42,1,Critical,0.95,1,5 minutes,LOC_1,EMERGENCY: Physical and Cyber threats correlated on 42 in 1. Response required immediately.,2025-03-10T22:30:00.382198,2025-03-10T22:30:00.382198,2025-03-10T22:30:00.382198,1,False,5,3,76,9999,0,0,-1,False,2,1,False,1,,11.7307,0.6896,1,0,False
INC-B587B49A,44,1,Critical,0.95,1,5 minutes,LOC_1,EMERGENCY: Physical and Cyber threats correlated on 44 in 1. Response required immediately.,2025-03-10T22:30:00.412206,2025-03-10T22:30:00.412206,2025-03-10T22:30:00.412206,1,False,5,7,45,9999,0,0,-1,True,0,1,False,1,,-7.8714,13.1372,1,1,True
INC-56BA6774,51,1,Critical,0.95,1,5 minutes,LOC_1,EMERGENCY: Physical and Cyber threats correlated on 51 in 1. Response required immediately.,2025-03-10T22:30:00.442216,2025-03-10T22:30:00.442216,2025-03-10T22:30:00.442216,1,False,5,3,50,1883,0,0,-1,False,2,1,True,1,,-11.8348,-0.2097,1,0,False
INC-A470017E,55,1,Critical,0.95,1,5 minutes,LOC_1,EMERGENCY: Physical and Cyber threats correlated on 55 in 1. Response required immediately.,2025-03-10T22:30:00.472225,2025-03-10T22:30:00.472225,2025-03-10T22:30:00.472225,1,False,5,7,39,1883,0,0,-1,False,2,1,True,1,,-2.4684,0.3644,1,0,True
INC-FD7E9A76,40,1,Critical,0.95,1,5 minutes,LOC_1,EMERGENCY: Physical and Cyber threats correlated on 40 in 1. Response required immediately.,2025-03-10T22:30:00.502234,2025-03-10T22:30:00.502234,2025-03-10T22:30:00.502234,1,False,5,7,34,9999,0,0,-1,False,1,1,False,1,,17.5644,-0.5112,1,0,True
INC-D31FEF8B,54,1,Critical,0.95,1,5 minutes,LOC_1,EMERGENCY: Physical and Cyber threats correlated on 54 in 1. Response required immediately.,2025-03-10T22:30:00.532243,2025-03-10T22:30:00.532243,2025-03-10T22:30:00.532243,1,False,5,0,25,9999,0,0,-1,False,2,1,False,1,,10.657,0.2298,1,0,True
INC-B0832EA0,36,1,Critical,0.95,1,5 minutes,LOC_1,EMERGENCY: Physical and Cyber threats correlated on 36 in 1. Response required immediately.,2025-03-10T22:30:00.562252,2025-03-10T22:30:00.562252,2025-03-10T22:30:00.562252,1,False,5,7,26,1883,0,0,-1,False,1,1,True,1,,-19.8673,0.2892,1,0,True
INC-2DF4AC1B,38,1,Critical,0.95,1,5 minutes,LOC_1,EMERGENCY: Physical and Cyber threats correlated on 38 in 1. Response required immediately.,2025-03-10T22:30:00.592262,2025-03-10T22:30:00.592262,2025-03-10T22:30:00.592262,1,False,5,0,51,4444,0,0,-1,False,3,1,False,1,,-10.5031,0.574,1,0,False
INC-75F877F1,41,1,Critical,0.95,1,5 minutes,LOC_1,EMERGENCY: Physical and Cyber threats correlated on 41 in 1. Response required immediately.,2025-03-10T22:30:00.622271,2025-03-10T22:30:00.622271,2025-03-10T22:30:00.622271,1,False,5,7,62,1883,0,0,-1,False,2,1,True,1,,19.131,-0.2478,1,0,True
INC-DD8AE262,48,1,Critical,0.95,1,5 minutes,LOC_1,EMERGENCY: Physical and Cyber threats correlated on 48 in 1. Response required immediately.,2025-03-10T22:30:00.652280,2025-03-10T22:30:00.652280,2025-03-10T22:30:00.652280,1,False,5,7,48,9999,0,0,-1,False,2,1,False,1,,8.0994,-0.4346,1,0,False
INC-FE80DE72,49,1,Critical,0.95,1,5 minutes,LOC_1,EMERGENCY: Physical and Cyber threats correlated on 49 in 1. Response required immediately.,2025-03-10T22:30:00.682289,2025-03-10T22:30:00.682289,2025-03-10T22:30:00.682289,1,False,5,7,13,9999,0,0,-1,False,2,1,False,1,,0.6899,-0.0657,1,0,True
INC-DB283A41,43,1,Critical,0.95,1,5 minutes,LOC_1,EMERGENCY: Physical and Cyber threats correlated on 43 in 1. Response required immediately.,2025-03-10T22:30:00.712298,2025-03-10T22:30:00.712298,2025-03-10T22:30:00.712298,1,False,5,0,40,9999,0,0,-1,False,2,1,False,1,,-0.0976,0.0879,1,0,False
INC-07264A5E,52,1,Critical,0.95,1,5 minutes,LOC_1,EMERGENCY: Physical and Cyber threats correlated on 52 in 1. Response required immediately.,2025-03-10T22:30:00.742308,2025-03-10T22:30:00.742308,2025-03-10T22:30:00.742308,1,False,5,3,23,9999,0,0,-1,False,2,1,False,1,,-7.3634,0.2733,1,0,True
INC-8AF834BD,45,1,Critical,0.95,1,5 minutes,LOC_1,EMERGENCY: Physical and Cyber threats correlated on 45 in 1. Response required immediately.,2025-03-10T22:30:00.772316,2025-03-10T22:30:00.772316,2025-03-10T22:30:00.772316,1,False,5,3,31,9999,0,0,-1,False,2,1,False,1,,10.9728,-0.3978,1,0,False
INC-36682201,32,0,Critical,0.95,298,5 minutes,LOC_2,EMERGENCY: Physical and Cyber threats correlated on 32 in 2. Response required immediately.,2025-03-10T22:35:35.695546,2025-03-10T22:30:36.718033,2025-03-10T22:35:35.695546,2,False,7,0,57,1883,84.5,0,"1, 3",False,-1,"8, 5, 6",True,"-1, 5, 8, 6",2011.0,,,0,0,False
INC-771B570D,32,0,Critical,0.95,303,5 minutes,LOC_2,EMERGENCY: Physical and Cyber threats correlated on 32 in 2. Response required immediately.,2025-03-10T22:40:37.419375,2025-03-10T22:35:37.435692,2025-03-10T22:40:37.419375,2,False,7,"8, 0, 2, 3, 6","99, 86, 100",1883,66.9,0,"1, 0",False,-1,"7, 3, 4, 6",True,"-1, 3, 7, 4, 6",1965.0,,,1,0,False
INC-97BDB0C8,32,0,Critical,0.95,297,5 minutes,LOC_2,EMERGENCY: Physical and Cyber threats correlated on 32 in 2. Response required immediately.,2025-03-10T22:45:37.697528,2025-03-10T22:40:38.674918,2025-03-10T22:45:37.697528,2,False,7,0,"83, 95, 90",1883,67.1,0,"1, 0, 2",False,-1,"4, 6",True,"0, -1, 4, 6",1972.0,,,0,0,False
INC-EB5F756D,32,0,Critical,0.95,298,5 minutes,LOC_2,EMERGENCY: Physical and Cyber threats correlated on 32 in 2. Response required immediately.,2025-03-10T22:50:38.267948,2025-03-10T22:45:39.225589,2025-03-10T22:50:38.267948,2,False,7,0,57,1883,69.6,0,"1, 0",False,-1,6,True,"-1, 6",1750.0,,,1,0,False
INC-9BD71B0E,32,0,Critical,0.95,298,5 minutes,LOC_2,EMERGENCY: Physical and Cyber threats correlated on 32 in 2. Response required immediately.,2025-03-10T22:55:39.249338,2025-03-10T22:50:40.242137,2025-03-10T22:55:39.249338,2,False,7,0,57,1883,78.8,0,1,False,-1,6,True,"-1, 6",1792.0,,,1,0,False
INC-735F054B,32,0,Critical,0.95,156,5 minutes,LOC_2,EMERGENCY: Physical and Cyber threats correlated on 32 in 2. Response required immediately.,2025-03-10T22:59:03.267471,2025-03-10T22:55:41.147556,2025-03-10T22:59:03.267471,2,False,7,0,57,1883,75.1,0,1,False,-1,6,True,"-1, 6",1793.0,,,1,0,False
INC-2D52A008,ECG_ESP32_001,ESP32_ECG_Monitor,High,0.5,149,5 minutes,LOC_WARD_02,High Priority: Security Threat detected on ECG_ESP32_001. Check patient status and secure network.,2025-03-10T22:35:35.724370,2025-03-10T22:30:36.747012,2025-03-10T22:35:35.724370,Ward_02,FALSE,7,BLE_MQTT,10.38.16.20,1883,76.2,0,NORMAL_SINUS,False,,None,False,Anomaly,2011,0,0,N/A,0,False
INC-23D55282,ECG_ESP32_001,ESP32_ECG_Monitor,High,0.5,149,5 minutes,LOC_WARD_02,High Priority: Security Threat detected on ECG_ESP32_001. Check patient status and secure network.,2025-03-10T22:40:36.681801,2025-03-10T22:35:37.735378,2025-03-10T22:40:36.681801,Ward_02,FALSE,7,BLE_MQTT,10.38.16.20,1883,70.4,0,NORMAL_SINUS,False,,None,False,Anomaly,1931,0,0,N/A,0,False
INC-8FDE608C,ECG_ESP32_001,ESP32_ECG_Monitor,High,0.5,149,5 minutes,LOC_WARD_02,High Priority: Security Threat detected on ECG_ESP32_001. Check patient status and secure network.,2025-03-10T22:45:37.726301,2025-03-10T22:40:38.703810,2025-03-10T22:45:37.726301,Ward_02,FALSE,7,BLE_MQTT,10.38.16.20,1883,63.9,0,"BRADYCARDIA, NORMAL_SINUS",False,,None,False,Anomaly,1972,0,0,N/A,0,False
INC-B577C995,ECG_ESP32_001,ESP32_ECG_Monitor,High,0.5,149,5 minutes,LOC_WARD_02,High Priority: Security Threat detected on ECG_ESP32_001. Check patient status and secure network.,2025-03-10T22:50:38.296641,2025-03-10T22:45:39.732309,2025-03-10T22:50:38.296641,Ward_02,FALSE,7,BLE_MQTT,10.38.16.20,1883,66.4,0,"BRADYCARDIA, NORMAL_SINUS",False,,None,False,Anomaly,1895,0,0,N/A,0,False
INC-D394D083,ECG_ESP32_001,ESP32_ECG_Monitor,High,0.5,149,5 minutes,LOC_WARD_02,High Priority: Security Threat detected on ECG_ESP32_001. Check patient status and secure network.,2025-03-10T22:55:39.278044,2025-03-10T22:50:40.317650,2025-03-10T22:55:39.278044,Ward_02,FALSE,7,BLE_MQTT,10.38.16.20,1883,79.9,0,NORMAL_SINUS,False,,None,False,Anomaly,1830,0,0,N/A,0,False
INC-667928D7,ECG_ESP32_001,ESP32_ECG_Monitor,High,0.5,55,5 minutes,LOC_WARD_02,High Priority: Security Threat detected on ECG_ESP32_001. Check patient status and secure network.,2025-03-10T22:57:30.304523,2025-03-10T22:55:41.280052,2025-03-10T22:57:30.304523,Ward_02,FALSE,7,BLE_MQTT,10.38.16.20,1883,80.0,0,NORMAL_SINUS,False,,None,False,Anomaly,1791,0,0,N/A,0,False
INC-6F573136,62,2,Critical,0.95,1,5 minutes,LOC_0,EMERGENCY: Physical and Cyber threats correlated on 62 in 0. Response required immediately.,2025-03-10T22:31:43.203382,2025-03-10T22:31:43.203382,2025-03-10T22:31:43.203382,0,False,6,5,11,1883,0,28.8,-1,False,-1,1,True,1,,,,1,0,False
INC-9D5BB3A8,71,2,Critical,0.95,1,5 minutes,LOC_0,EMERGENCY: Physical and Cyber threats correlated on 71 in 0. Response required immediately.,2025-03-10T22:31:43.233391,2025-03-10T22:31:43.233391,2025-03-10T22:31:43.233391,0,False,6,5,59,8080,0,28.18,-1,False,-1,1,False,1,,,,1,0,False
INC-66393133,75,2,Critical,0.95,1,5 minutes,LOC_0,EMERGENCY: Physical and Cyber threats correlated on 75 in 0. Response required immediately.,2025-03-10T22:31:43.263401,2025-03-10T22:31:43.263401,2025-03-10T22:31:43.263401,0,False,6,3,47,1883,0,31.8,-1,False,-1,1,True,1,,,,1,0,False
INC-F62E0507,67,2,Critical,0.95,1,5 minutes,LOC_0,EMERGENCY: Physical and Cyber threats correlated on 67 in 0. Response required immediately.,2025-03-10T22:31:43.293410,2025-03-10T22:31:43.293410,2025-03-10T22:31:43.293410,0,False,6,5,5,5555,0,33.59,-1,False,-1,1,True,1,,,,1,0,False
INC-C2829CFA,86,2,Critical,0.95,1,5 minutes,LOC_0,EMERGENCY: Physical and Cyber threats correlated on 86 in 0. Response required immediately.,2025-03-10T22:31:43.323419,2025-03-10T22:31:43.323419,2025-03-10T22:31:43.323419,0,False,6,3,35,8080,0,31.63,-1,False,-1,1,False,1,,,,1,0,False
INC-E5E4FFE6,63,2,Critical,0.95,1,5 minutes,LOC_0,EMERGENCY: Physical and Cyber threats correlated on 63 in 0. Response required immediately.,2025-03-10T22:31:43.353428,2025-03-10T22:31:43.353428,2025-03-10T22:31:43.353428,0,False,6,5,73,5555,0,28.32,-1,False,-1,1,True,1,,,,1,0,False
INC-1C8F3F5C,82,2,Critical,0.95,1,5 minutes,LOC_0,EMERGENCY: Physical and Cyber threats correlated on 82 in 0. Response required immediately.,2025-03-10T22:31:43.383437,2025-03-10T22:31:43.383437,2025-03-10T22:31:43.383437,0,False,6,3,80,5555,0,34.69,-1,False,-1,1,True,1,,,,1,0,False
INC-23506A45,81,2,Critical,0.95,1,5 minutes,LOC_0,EMERGENCY: Physical and Cyber threats correlated on 81 in 0. Response required immediately.,2025-03-10T22:31:43.413446,2025-03-10T22:31:43.413446,2025-03-10T22:31:43.413446,0,False,6,3,32,1883,0,32.45,-1,False,-1,1,True,1,,,,1,0,False
INC-F4F1C8F8,66,2,Critical,0.95,1,5 minutes,LOC_0,EMERGENCY: Physical and Cyber threats correlated on 66 in 0. Response required immediately.,2025-03-10T22:31:43.443454,2025-03-10T22:31:43.443454,2025-03-10T22:31:43.443454,0,False,6,3,46,9999,0,32.14,-1,False,-1,1,False,1,,,,1,0,False
INC-D71B2008,70,2,Critical,0.95,1,5 minutes,LOC_0,EMERGENCY: Physical and Cyber threats correlated on 70 in 0. Response required immediately.,2025-03-10T22:31:43.473464,2025-03-10T22:31:43.473464,2025-03-10T22:31:43.473464,0,False,6,5,37,8080,0,29.83,-1,False,-1,1,False,1,,,,1,0,False
INC-BF96D53C,73,2,Critical,0.95,1,5 minutes,LOC_0,EMERGENCY: Physical and Cyber threats correlated on 73 in 0. Response required immediately.,2025-03-10T22:31:43.503473,2025-03-10T22:31:43.503473,2025-03-10T22:31:43.503473,0,False,6,3,9,5555,0,32.65,-1,False,-1,1,True,1,,,,1,0,False
INC-61D74715,76,2,Critical,0.95,1,5 minutes,LOC_0,EMERGENCY: Physical and Cyber threats correlated on 76 in 0. Response required immediately.,2025-03-10T22:31:43.533481,2025-03-10T22:31:43.533481,2025-03-10T22:31:43.533481,0,False,6,5,67,8080,0,32.91,-1,False,-1,1,False,1,,,,1,0,False
INC-CB03391F,80,2,Critical,0.95,1,5 minutes,LOC_0,EMERGENCY: Physical and Cyber threats correlated on 80 in 0. Response required immediately.,2025-03-10T22:31:43.563490,2025-03-10T22:31:43.563490,2025-03-10T22:31:43.563490,0,False,6,7,72,5555,0,31.67,-1,False,-1,1,True,1,,,,1,0,False
INC-6F7B1A68,77,2,Critical,0.95,1,5 minutes,LOC_0,EMERGENCY: Physical and Cyber threats correlated on 77 in 0. Response required immediately.,2025-03-10T22:31:43.593498,2025-03-10T22:31:43.593498,2025-03-10T22:31:43.593498,0,False,6,7,60,9999,0,34.27,-1,False,-1,1,False,1,,,,1,0,False
INC-B6720794,64,2,Critical,0.95,1,5 minutes,LOC_0,EMERGENCY: Physical and Cyber threats correlated on 64 in 0. Response required immediately.,2025-03-10T22:31:43.623507,2025-03-10T22:31:43.623507,2025-03-10T22:31:43.623507,0,False,6,3,12,5555,0,31.18,-1,False,-1,1,True,1,,,,1,0,False
INC-2BE5B077,83,2,Critical,0.95,1,5 minutes,LOC_0,EMERGENCY: Physical and Cyber threats correlated on 83 in 0. Response required immediately.,2025-03-10T22:31:43.653516,2025-03-10T22:31:43.653516,2025-03-10T22:31:43.653516,0,False,6,5,43,5555,0,33.8,-1,False,-1,1,True,1,,,,1,0,False
INC-267EC8D1,78,2,Critical,0.95,1,5 minutes,LOC_0,EMERGENCY: Physical and Cyber threats correlated on 78 in 0. Response required immediately.,2025-03-10T22:31:43.683525,2025-03-10T22:31:43.683525,2025-03-10T22:31:43.683525,0,False,6,5,52,9999,0,33.1,-1,False,-1,1,False,1,,,,1,0,False
INC-FD3D9C4F,84,2,Critical,0.95,1,5 minutes,LOC_0,EMERGENCY: Physical and Cyber threats correlated on 84 in 0. Response required immediately.,2025-03-10T22:31:43.713534,2025-03-10T22:31:43.713534,2025-03-10T22:31:43.713534,0,False,6,3,66,8080,0,33.84,-1,False,-1,1,False,1,,,,1,0,False
INC-F0292A59,90,2,Critical,0.95,1,5 minutes,LOC_0,EMERGENCY: Physical and Cyber threats correlated on 90 in 0. Response required immediately.,2025-03-10T22:31:43.743543,2025-03-10T22:31:43.743543,2025-03-10T22:31:43.743543,0,False,6,5,53,5555,0,29.74,-1,False,-1,1,True,1,,,,1,0,False
INC-DA05BE4B,87,2,Critical,0.95,2,5 minutes,LOC_0,EMERGENCY: Physical and Cyber threats correlated on 87 in 0. Response required immediately.,2025-03-10T22:31:44.043642,2025-03-10T22:31:43.773551,2025-03-10T22:31:44.043642,0,False,6,"3, 5","75, 21",8080,0,34.24,-1,False,-1,1,False,1,,,,1,0,False
INC-8FBA7E40,89,2,Critical,0.95,1,5 minutes,LOC_0,EMERGENCY: Physical and Cyber threats correlated on 89 in 0. Response required immediately.,2025-03-10T22:31:43.803560,2025-03-10T22:31:43.803560,2025-03-10T22:31:43.803560,0,False,6,3,0,5555,0,32.74,-1,False,-1,1,True,1,,,,1,0,False
INC-51A66BD4,79,2,Critical,0.95,1,5 minutes,LOC_0,EMERGENCY: Physical and Cyber threats correlated on 79 in 0. Response required immediately.,2025-03-10T22:31:43.833569,2025-03-10T22:31:43.833569,2025-03-10T22:31:43.833569,0,False,6,5,44,9999,0,32.24,-1,False,-1,1,False,1,,,,1,0,False
INC-1A84E46F,69,2,Critical,0.95,1,5 minutes,LOC_0,EMERGENCY: Physical and Cyber threats correlated on 69 in 0. Response required immediately.,2025-03-10T22:31:43.863579,2025-03-10T22:31:43.863579,2025-03-10T22:31:43.863579,0,False,6,5,7,5555,0,32.72,-1,False,-1,1,True,1,,,,1,0,False
INC-77A5B318,68,2,Critical,0.95,1,5 minutes,LOC_0,EMERGENCY: Physical and Cyber threats correlated on 68 in 0. Response required immediately.,2025-03-10T22:31:43.893588,2025-03-10T22:31:43.893588,2025-03-10T22:31:43.893588,0,False,6,7,24,8080,0,30.75,-1,False,-1,1,False,1,,,,1,0,False
INC-B40FD678,74,2,Critical,0.95,1,5 minutes,LOC_0,EMERGENCY: Physical and Cyber threats correlated on 74 in 0. Response required immediately.,2025-03-10T22:31:43.923596,2025-03-10T22:31:43.923596,2025-03-10T22:31:43.923596,0,False,6,5,74,1883,0,29.94,-1,False,-1,1,True,1,,,,1,0,False
INC-0E139DEA,72,2,Critical,0.95,1,5 minutes,LOC_0,EMERGENCY: Physical and Cyber threats correlated on 72 in 0. Response required immediately.,2025-03-10T22:31:43.953605,2025-03-10T22:31:43.953605,2025-03-10T22:31:43.953605,0,False,6,7,29,8080,0,32.32,-1,False,-1,1,False,1,,,,1,0,False
INC-CFA1E478,85,2,Critical,0.95,1,5 minutes,LOC_0,EMERGENCY: Physical and Cyber threats correlated on 85 in 0. Response required immediately.,2025-03-10T22:31:43.983613,2025-03-10T22:31:43.983613,2025-03-10T22:31:43.983613,0,False,6,7,49,8080,0,28.82,-1,False,-1,1,False,1,,,,1,0,False
INC-770FA67C,88,2,Critical,0.95,1,5 minutes,LOC_0,EMERGENCY: Physical and Cyber threats correlated on 88 in 0. Response required immediately.,2025-03-10T22:31:44.013622,2025-03-10T22:31:44.013622,2025-03-10T22:31:44.013622,0,False,6,3,30,5555,0,28.45,-1,False,-1,1,True,1,,,,1,0,False
INC-7C1F68BE,65,2,Critical,0.95,1,5 minutes,LOC_0,EMERGENCY: Physical and Cyber threats correlated on 65 in 0. Response required immediately.,2025-03-10T22:31:44.073653,2025-03-10T22:31:44.073653,2025-03-10T22:31:44.073653,0,False,6,5,54,1883,0,31.3,-1,False,-1,1,True,1,,,,1,0,False
INC-CB2A1CB4,0,0,Critical,0.95,5,5 minutes,LOC_2,EMERGENCY: Physical and Cyber threats correlated on 0 in 2. Response required immediately.,2025-03-10T22:36:37.965970,2025-03-10T22:36:03.674817,2025-03-10T22:36:37.965970,2,False,7,0,57,1883,65.8,0,1,False,-1,2,True,2,2232.0,,,1,0,False
INC-952C8EF6,34,0,Critical,0.95,6,5 minutes,LOC_2,EMERGENCY: Physical and Cyber threats correlated on 34 in 2. Response required immediately.,2025-03-10T22:36:29.892934,2025-03-10T22:36:05.704827,2025-03-10T22:36:29.892934,2,False,7,0,57,1883,65.5,0,1,False,-1,2,True,2,2165.0,,,1,0,False
INC-C690E3EA,57,0,Critical,0.95,4,5 minutes,LOC_2,EMERGENCY: Physical and Cyber threats correlated on 57 in 2. Response required immediately.,2025-03-10T22:36:35.960960,2025-03-10T22:36:07.724836,2025-03-10T22:36:35.960960,2,False,7,0,57,1883,66.2,0,1,False,-1,2,True,2,2110.0,,,1,0,False
INC-487456A8,8,0,Critical,0.95,1,5 minutes,LOC_2,EMERGENCY: Physical and Cyber threats correlated on 8 in 2. Response required immediately.,2025-03-10T22:43:14.938080,2025-03-10T22:43:14.938080,2025-03-10T22:43:14.938080,2,False,7,0,2,8080,253.0,0,3,False,-1,1,False,1,40039.0,,,1,0,False
INC-79F12194,6,0,Critical,0.95,1,5 minutes,LOC_2,EMERGENCY: Physical and Cyber threats correlated on 6 in 2. Response required immediately.,2025-03-10T22:43:14.968089,2025-03-10T22:43:14.968089,2025-03-10T22:43:14.968089,2,False,7,3,1,4444,119.0,0,3,False,-1,1,False,1,20089.0,,,1,0,False
INC-A8E73279,17,0,Critical,0.95,1,5 minutes,LOC_2,EMERGENCY: Physical and Cyber threats correlated on 17 in 2. Response required immediately.,2025-03-10T22:43:14.998099,2025-03-10T22:43:14.998099,2025-03-10T22:43:14.998099,2,False,7,0,28,1883,148.0,0,3,False,-1,1,True,1,34608.0,,,1,0,False
INC-5875EE2A,25,0,Critical,0.95,1,5 minutes,LOC_2,EMERGENCY: Physical and Cyber threats correlated on 25 in 2. Response required immediately.,2025-03-10T22:43:15.028108,2025-03-10T22:43:15.028108,2025-03-10T22:43:15.028108,2,False,7,0,3,1883,22.0,0,3,False,-1,1,True,1,60769.0,,,1,0,False
INC-D8DA43F7,3,0,Critical,0.95,1,5 minutes,LOC_2,EMERGENCY: Physical and Cyber threats correlated on 3 in 2. Response required immediately.,2025-03-10T22:43:15.058116,2025-03-10T22:43:15.058116,2025-03-10T22:43:15.058116,2,False,7,7,16,1883,30.0,0,3,False,-1,1,True,1,12867.0,,,1,0,False
INC-65BC8E64,30,0,Critical,0.95,1,5 minutes,LOC_2,EMERGENCY: Physical and Cyber threats correlated on 30 in 2. Response required immediately.,2025-03-10T22:43:15.088125,2025-03-10T22:43:15.088125,2025-03-10T22:43:15.088125,2,False,7,3,61,1883,230.0,0,3,False,-1,1,True,1,39335.0,,,1,0,False
INC-34B535C7,14,0,Critical,0.95,1,5 minutes,LOC_2,EMERGENCY: Physical and Cyber threats correlated on 14 in 2. Response required immediately.,2025-03-10T22:43:15.118134,2025-03-10T22:43:15.118134,2025-03-10T22:43:15.118134,2,False,7,0,20,4444,273.0,0,3,False,-1,1,False,1,33678.0,,,1,0,False
INC-5DB0A303,12,0,Critical,0.95,1,5 minutes,LOC_2,EMERGENCY: Physical and Cyber threats correlated on 12 in 2. Response required immediately.,2025-03-10T22:43:15.148142,2025-03-10T22:43:15.148142,2025-03-10T22:43:15.148142,2,False,7,3,42,4444,168.0,0,3,False,-1,1,False,1,861.0,,,1,0,False
INC-F5A4913B,5,0,Critical,0.95,1,5 minutes,LOC_2,EMERGENCY: Physical and Cyber threats correlated on 5 in 2. Response required immediately.,2025-03-10T22:43:15.178151,2025-03-10T22:43:15.178151,2025-03-10T22:43:15.178151,2,False,7,7,70,4444,252.0,0,3,False,-1,1,False,1,13029.0,,,1,0,False
INC-3C493A20,24,0,Critical,0.95,1,5 minutes,LOC_2,EMERGENCY: Physical and Cyber threats correlated on 24 in 2. Response required immediately.,2025-03-10T22:43:15.208160,2025-03-10T22:43:15.208160,2025-03-10T22:43:15.208160,2,False,7,0,63,4444,293.0,0,3,False,-1,1,False,1,43688.0,,,1,0,False
INC-0E7530DE,10,0,Critical,0.95,1,5 minutes,LOC_2,EMERGENCY: Physical and Cyber threats correlated on 10 in 2. Response required immediately.,2025-03-10T22:43:15.238170,2025-03-10T22:43:15.238170,2025-03-10T22:43:15.238170,2,False,7,3,33,8080,186.0,0,3,False,-1,1,False,1,44490.0,,,1,0,False
INC-533ACCC7,27,0,Critical,0.95,1,5 minutes,LOC_2,EMERGENCY: Physical and Cyber threats correlated on 27 in 2. Response required immediately.,2025-03-10T22:43:15.268179,2025-03-10T22:43:15.268179,2025-03-10T22:43:15.268179,2,False,7,7,69,8080,227.0,0,3,False,-1,1,False,1,60246.0,,,1,0,False
INC-6B7D716E,15,0,Critical,0.95,1,5 minutes,LOC_2,EMERGENCY: Physical and Cyber threats correlated on 15 in 2. Response required immediately.,2025-03-10T22:43:15.298189,2025-03-10T22:43:15.298189,2025-03-10T22:43:15.298189,2,False,7,3,64,4444,269.0,0,3,False,-1,1,False,1,11328.0,,,1,0,False
INC-DD491D4B,29,0,Critical,0.95,1,5 minutes,LOC_2,EMERGENCY: Physical and Cyber threats correlated on 29 in 2. Response required immediately.,2025-03-10T22:43:15.328209,2025-03-10T22:43:15.328209,2025-03-10T22:43:15.328209,2,False,7,3,17,8080,71.0,0,3,False,-1,1,False,1,4876.0,,,1,0,False
INC-62D8C1E9,13,0,Critical,0.95,1,5 minutes,LOC_2,EMERGENCY: Physical and Cyber threats correlated on 13 in 2. Response required immediately.,2025-03-10T22:43:15.358218,2025-03-10T22:43:15.358218,2025-03-10T22:43:15.358218,2,False,7,3,65,8080,281.0,0,3,False,-1,1,False,1,50642.0,,,1,0,False
INC-C6511D82,11,0,Critical,0.95,1,5 minutes,LOC_2,EMERGENCY: Physical and Cyber threats correlated on 11 in 2. Response required immediately.,2025-03-10T22:43:15.388227,2025-03-10T22:43:15.388227,2025-03-10T22:43:15.388227,2,False,7,0,27,1883,297.0,0,3,False,-1,1,True,1,4871.0,,,1,0,False
INC-74CCAA0D,7,0,Critical,0.95,1,5 minutes,LOC_2,EMERGENCY: Physical and Cyber threats correlated on 7 in 2. Response required immediately.,2025-03-10T22:43:15.418236,2025-03-10T22:43:15.418236,2025-03-10T22:43:15.418236,2,False,7,0,55,1883,147.0,0,3,False,-1,1,True,1,52436.0,,,1,0,False
INC-C79AC084,20,0,Critical,0.95,1,5 minutes,LOC_2,EMERGENCY: Physical and Cyber threats correlated on 20 in 2. Response required immediately.,2025-03-10T22:43:15.448246,2025-03-10T22:43:15.448246,2025-03-10T22:43:15.448246,2,False,7,3,71,4444,221.0,0,3,False,-1,1,False,1,18429.0,,,1,0,False
INC-B304E6C1,21,0,Critical,0.95,1,5 minutes,LOC_2,EMERGENCY: Physical and Cyber threats correlated on 21 in 2. Response required immediately.,2025-03-10T22:43:15.478255,2025-03-10T22:43:15.478255,2025-03-10T22:43:15.478255,2,False,7,3,15,4444,58.0,0,3,False,-1,1,False,1,34182.0,,,1,0,False
INC-09291462,16,0,Critical,0.95,1,5 minutes,LOC_2,EMERGENCY: Physical and Cyber threats correlated on 16 in 2. Response required immediately.,2025-03-10T22:43:15.508264,2025-03-10T22:43:15.508264,2025-03-10T22:43:15.508264,2,False,7,7,58,8080,102.0,0,3,False,-1,1,False,1,8598.0,,,1,0,False
INC-E1D3489A,2,0,Critical,0.95,1,5 minutes,LOC_2,EMERGENCY: Physical and Cyber threats correlated on 2 in 2. Response required immediately.,2025-03-10T22:43:15.538273,2025-03-10T22:43:15.538273,2025-03-10T22:43:15.538273,2,False,7,7,22,1883,193.0,0,3,False,-1,1,True,1,3173.0,,,1,0,False
INC-A3C5E033,23,0,Critical,0.95,1,5 minutes,LOC_2,EMERGENCY: Physical and Cyber threats correlated on 23 in 2. Response required immediately.,2025-03-10T22:43:15.568282,2025-03-10T22:43:15.568282,2025-03-10T22:43:15.568282,2,False,7,0,10,1883,251.0,0,3,False,-1,1,True,1,43777.0,,,1,0,False
INC-C09C4B94,19,0,Critical,0.95,1,5 minutes,LOC_2,EMERGENCY: Physical and Cyber threats correlated on 19 in 2. Response required immediately.,2025-03-10T22:43:15.598291,2025-03-10T22:43:15.598291,2025-03-10T22:43:15.598291,2,False,7,0,19,1883,90.0,0,3,False,-1,1,True,1,18230.0,,,1,0,False
INC-C67752CC,26,0,Critical,0.95,1,5 minutes,LOC_2,EMERGENCY: Physical and Cyber threats correlated on 26 in 2. Response required immediately.,2025-03-10T22:43:15.628300,2025-03-10T22:43:15.628300,2025-03-10T22:43:15.628300,2,False,7,0,56,8080,225.0,0,3,False,-1,1,False,1,35150.0,,,1,0,False
INC-188338D8,31,0,Critical,0.95,1,5 minutes,LOC_2,EMERGENCY: Physical and Cyber threats correlated on 31 in 2. Response required immediately.,2025-03-10T22:43:15.658308,2025-03-10T22:43:15.658308,2025-03-10T22:43:15.658308,2,False,7,3,81,4444,65.0,0,3,False,-1,1,False,1,36074.0,,,1,0,False
INC-5EF79458,18,0,Critical,0.95,1,5 minutes,LOC_2,EMERGENCY: Physical and Cyber threats correlated on 18 in 2. Response required immediately.,2025-03-10T22:43:15.688318,2025-03-10T22:43:15.688318,2025-03-10T22:43:15.688318,2,False,7,7,79,1883,183.0,0,3,False,-1,1,True,1,6117.0,,,1,0,False
INC-3ABC26A4,22,0,Critical,0.95,1,5 minutes,LOC_2,EMERGENCY: Physical and Cyber threats correlated on 22 in 2. Response required immediately.,2025-03-10T22:43:15.718328,2025-03-10T22:43:15.718328,2025-03-10T22:43:15.718328,2,False,7,0,41,8080,276.0,0,3,False,-1,1,False,1,36399.0,,,1,0,False
INC-626205DC,9,0,Critical,0.95,1,5 minutes,LOC_2,EMERGENCY: Physical and Cyber threats correlated on 9 in 2. Response required immediately.,2025-03-10T22:43:15.748336,2025-03-10T22:43:15.748336,2025-03-10T22:43:15.748336,2,False,7,7,78,4444,111.0,0,3,False,-1,1,False,1,6650.0,,,1,0,False
INC-C8CA1184,28,0,Critical,0.95,1,5 minutes,LOC_2,EMERGENCY: Physical and Cyber threats correlated on 28 in 2. Response required immediately.,2025-03-10T22:43:15.778346,2025-03-10T22:43:15.778346,2025-03-10T22:43:15.778346,2,False,7,7,4,4444,116.0,0,3,False,-1,1,False,1,12847.0,,,1,0,False
INC-C7D231E3,4,0,Critical,0.95,1,5 minutes,LOC_2,EMERGENCY: Physical and Cyber threats correlated on 4 in 2. Response required immediately.,2025-03-10T22:43:15.808354,2025-03-10T22:43:15.808354,2025-03-10T22:43:15.808354,2,False,7,3,8,4444,249.0,0,3,False,-1,1,False,1,26528.0,,,1,0,False
INC-8C80CAA7,,,Low,0.5,1,5 minutes,,Routine maintenance: Minor anomalies detected.,2026-03-10T22:13:33.772329,2026-03-10T22:13:33.772329,2026-03-10T22:13:33.772329,,,,,,N/A,0,0,,False,,None,False,Anomaly,0,0,0,N/A,0,False
