incident_id,affected_device,device_type,severity,confidence_summary,number_of_correlated_alerts,time_window,compliance_tags,recommended_action,timestamp,start_time,end_time,ward,life_support,criticality_tier,protocol,src_ip,dst_port,heart_rate_bpm,temperature_celsius,rhythm_label,fall_detected,posture_event,attack_type,anomaly_flag,prediction,ecg_raw_value,accel_x,gyro_x,label,falls_count,movement_anomaly,Source_Dataset_Timestamps
INC-E2930C4B,PULSE_ESP32_001,ESP32_Pulse_Oximeter,High,0.5,190,5 minutes,MEDICAL_LIFESUPPORT; LOC_ICU,High Priority: Security Threat detected on PULSE_ESP32_001. Check patient status and secure network.,2025-03-10T23:18:41.247034,2025-03-10T23:13:42.429878,2025-03-10T23:18:41.247034,ICU,TRUE,9,MQTT,10.86.251.45,N/A,21.5,0,,False,,None,False,Anomaly,0,0,0,N/A,0,False,10079 - 99900
INC-F49E1395,PULSE_ESP32_001,ESP32_Pulse_Oximeter,High,0.5,149,5 minutes,MEDICAL_LIFESUPPORT; LOC_ICU,High Priority: Security Threat detected on PULSE_ESP32_001. Check patient status and secure network.,2025-03-10T23:23:42.073227,2025-03-10T23:18:43.266041,2025-03-10T23:23:42.073227,ICU,TRUE,9,MQTT,10.86.251.45,N/A,24.0,0,,False,,None,False,Anomaly,0,0,0,N/A,0,False,302839 - 601645
INC-CCAA6105,PULSE_ESP32_001,ESP32_Pulse_Oximeter,High,0.5,149,5 minutes,MEDICAL_LIFESUPPORT; LOC_ICU,High Priority: Security Threat detected on PULSE_ESP32_001. Check patient status and secure network.,2025-03-10T23:28:42.832436,2025-03-10T23:23:44.091235,2025-03-10T23:28:42.832436,ICU,TRUE,9,MQTT,10.86.251.45,N/A,0.0,0,,False,,None,False,Anomaly,0,0,0,N/A,0,False,603663 - 902403
INC-DE218C0B,PULSE_ESP32_001,ESP32_Pulse_Oximeter,High,0.5,147,5 minutes,MEDICAL_LIFESUPPORT; LOC_ICU,High Priority: Security Threat detected on PULSE_ESP32_001. Check patient status and secure network.,2025-03-10T23:33:39.028210,2025-03-10T23:28:44.851444,2025-03-10T23:33:39.028210,ICU,TRUE,9,MQTT,10.86.251.45,N/A,23.5,0,,False,,None,False,Anomaly,0,0,0,N/A,0,False,1001314 - 999295
INC-3E81AE11,PULSE_ESP32_001,ESP32_Pulse_Oximeter,High,0.5,149,5 minutes,MEDICAL_LIFESUPPORT; LOC_ICU,High Priority: Security Threat detected on PULSE_ESP32_001. Check patient status and secure network.,2025-03-10T23:41:39.429398,2025-03-10T23:36:40.694217,2025-03-10T23:41:39.429398,ICU,TRUE,9,MQTT,10.86.251.45,N/A,0.6,0,,False,,None,False,Anomaly,0,0,0,N/A,0,False,1380270 - 1679004
INC-3A7B7339,PULSE_ESP32_001,ESP32_Pulse_Oximeter,High,0.5,15,5 minutes,MEDICAL_LIFESUPPORT; LOC_ICU,High Priority: Security Threat detected on PULSE_ESP32_001. Check patient status and secure network.,2025-03-10T23:42:07.695530,2025-03-10T23:41:41.448405,2025-03-10T23:42:07.695530,ICU,TRUE,9,MQTT,10.86.251.45,N/A,35.5,0,,False,,None,False,Anomaly,0,0,0,N/A,0,False,1681023 - 1707270
INC-F7E4F43F,56,1,Critical,0.95,120,5 minutes,LOC_1,EMERGENCY: Physical and Cyber threats correlated on 56 in 1. Response required immediately.,2025-03-10T23:18:40.381290,2025-03-10T23:13:42.632736,2025-03-10T23:18:40.381290,1,False,5,0,82,1883,0,0,-1,True,"2, 3, 0, 1","5, 8, 6",True,"-1, 8, 5, 6",,0.0992,0.805,0,25,True,102997 - 98091
INC-683D8359,56,1,Critical,0.95,105,5 minutes,LOC_1,EMERGENCY: Physical and Cyber threats correlated on 56 in 1. Response required immediately.,2025-03-10T23:23:43.159819,2025-03-10T23:18:45.178846,2025-03-10T23:23:43.159819,1,False,5,"6, 3, 4, 0, 1",82,6666,0,0,-1,True,"2, 3, 0, 1","5, 7, 6",True,"5, 7, -1, 6",,-0.1157,-0.9371,1,14,False,304771 - 602765
INC-F81C38A4,56,1,Critical,0.95,145,5 minutes,LOC_1,EMERGENCY: Physical and Cyber threats correlated on 56 in 1. Response required immediately.,2025-03-10T23:28:46.429171,2025-03-10T23:23:48.067413,2025-03-10T23:28:46.429171,1,False,5,"6, 3, 4, 0, 1","118, 128, 126",80,0,0,-1,True,"2, 3, 0, 1","7, 3, 4, 6",True,"-1, 6, 7, 3, 4, 0",,0.0252,-0.0573,1,21,True,607659 - 906020
INC-41252EE6,56,1,Critical,0.95,28,5 minutes,LOC_1,EMERGENCY: Physical and Cyber threats correlated on 56 in 1. Response required immediately.,2025-03-10T23:30:52.732587,2025-03-10T23:28:50.822375,2025-03-10T23:30:52.732587,1,False,5,0,82,1883,0,0,-1,True,"2, 3, 0, 1",6,True,"-1, 0, 6",,0.2663,0.1629,0,10,True,1002112 - 997083
INC-D537CD66,61,2,Critical,0.95,120,5 minutes,LOC_0,EMERGENCY: Physical and Cyber threats correlated on 61 in 0. Response required immediately.,2025-03-10T23:18:40.693094,2025-03-10T23:13:42.634474,2025-03-10T23:18:40.693094,0,False,6,5,36,1883,0,97.95,-1,False,-1,"5, 8, 6",True,"-1, 8, 5, 6",,,,0,0,False,103260 - 98431
INC-776FF768,61,2,Critical,0.95,114,5 minutes,LOC_0,EMERGENCY: Physical and Cyber threats correlated on 61 in 0. Response required immediately.,2025-03-10T23:23:43.938218,2025-03-10T23:18:45.698025,2025-03-10T23:23:43.938218,0,False,6,"5, 7, 2, 3, 4",36,1883,0,31.48,-1,False,-1,"5, 7, 6",True,"-1, 7, 5, 6",,,,0,0,False,305302 - 603526
INC-86723099,61,2,Critical,0.95,139,5 minutes,LOC_0,EMERGENCY: Physical and Cyber threats correlated on 61 in 0. Response required immediately.,2025-03-10T23:28:47.956991,2025-03-10T23:23:48.761523,2025-03-10T23:28:47.956991,0,False,6,"5, 7, 2, 3, 4","112, 121, 111",1883,0,31.49,-1,False,-1,"7, 3, 4, 6",True,"-1, 6, 7, 3, 4",,,,0,0,False,608365 - 907544
INC-2642EF25,61,2,Critical,0.95,60,5 minutes,LOC_0,EMERGENCY: Physical and Cyber threats correlated on 61 in 0. Response required immediately.,2025-03-10T23:33:51.978087,2025-03-10T23:28:52.965999,2025-03-10T23:33:51.978087,0,False,6,5,36,1883,0,31.46,-1,False,-1,6,True,"0, 6",,,,1,0,False,1003539 - 998443
INC-59B0F3F1,61,2,Critical,0.95,55,5 minutes,LOC_0,EMERGENCY: Physical and Cyber threats correlated on 61 in 0. Response required immediately.,2025-03-10T23:38:29.872709,2025-03-10T23:33:56.979096,2025-03-10T23:38:29.872709,0,False,6,5,36,1883,0,31.49,-1,False,-1,6,True,6,,,,1,0,False,1216565 - 1489458
INC-FE2FB6F1,MOTION_ESP32_001,ESP32_Fall_Detection_Motion,High,0.5,60,5 minutes,LOC_WARD_01,High Priority: Physical Anomaly detected on MOTION_ESP32_001. Check patient status and secure network.,2025-03-10T23:18:40.418242,2025-03-10T23:13:42.669661,2025-03-10T23:18:40.418242,Ward_01,FALSE,5,BLE_MQTT,10.98.160.21,1883,0,0,,True,"FALL_DETECTED, STANDING, LYING, SITTING",None,False,Anomaly,0,0.0992,0.805,N/A,5,False,103139 - 98091
INC-6AD7C064,MOTION_ESP32_001,ESP32_Fall_Detection_Motion,High,0.5,60,5 minutes,LOC_WARD_01,High Priority: Physical Anomaly detected on MOTION_ESP32_001. Check patient status and secure network.,2025-03-10T23:23:43.197266,2025-03-10T23:18:45.419252,2025-03-10T23:23:43.197266,Ward_01,FALSE,5,BLE_MQTT,10.98.160.21,1883,0,0,,True,"FALL_DETECTED, STANDING, LYING, SITTING",None,False,Anomaly,0,0.1717,-0.1403,N/A,9,False,304988 - 602765
INC-0C371FE8,MOTION_ESP32_001,ESP32_Fall_Detection_Motion,High,0.5,60,5 minutes,LOC_WARD_01,High Priority: Physical Anomaly detected on MOTION_ESP32_001. Check patient status and secure network.,2025-03-10T23:28:45.822170,2025-03-10T23:23:48.286285,2025-03-10T23:28:45.822170,Ward_01,FALSE,5,BLE_MQTT,10.98.160.21,1883,0,0,,True,"FALL_DETECTED, STANDING, LYING, SITTING",None,False,Anomaly,0,0.0941,-0.4112,N/A,8,False,607854 - 905389
INC-F8B5377E,MOTION_ESP32_001,ESP32_Fall_Detection_Motion,Low,0.5,3,5 minutes,LOC_WARD_01,Routine maintenance: Minor anomalies detected.,2025-03-10T23:29:00.860199,2025-03-10T23:28:50.860182,2025-03-10T23:29:00.860199,Ward_01,FALSE,5,BLE_MQTT,10.98.160.21,1883,0,0,,False,"LYING, SITTING",None,False,Anomaly,0,0.2663,0.1629,N/A,0,False,910427 - 920427
INC-571F64D1,TEMP_ESP32_001,ESP32_Temperature_Monitor,High,0.5,60,5 minutes,LOC_GENERAL_WARD,High Priority: Security Threat detected on TEMP_ESP32_001. Check patient status and secure network.,2025-03-10T23:18:40.685573,2025-03-10T23:13:42.673061,2025-03-10T23:18:40.685573,General_Ward,FALSE,6,MQTT,10.18.166.210,1883,0,31.0,,False,,None,False,Anomaly,0,0,0,N/A,0,False,103260 - 98209
INC-CFF16878,TEMP_ESP32_001,ESP32_Temperature_Monitor,High,0.5,69,5 minutes,LOC_GENERAL_WARD,High Priority: Security Threat detected on TEMP_ESP32_001. Check patient status and secure network.,2025-03-10T23:23:43.748090,2025-03-10T23:18:45.736581,2025-03-10T23:23:43.748090,General_Ward,FALSE,6,MQTT,10.18.166.210,1883,0,31.0,,False,,None,False,Anomaly,0,0,0,N/A,0,False,305302 - 603313
INC-32D9417B,TEMP_ESP32_001,ESP32_Temperature_Monitor,High,0.5,54,5 minutes,LOC_GENERAL_WARD,High Priority: Security Threat detected on TEMP_ESP32_001. Check patient status and secure network.,2025-03-10T23:28:16.504552,2025-03-10T23:23:48.800100,2025-03-10T23:28:16.504552,General_Ward,FALSE,6,MQTT,10.18.166.210,1883,0,30.94,,False,,None,False,Anomaly,0,0,0,N/A,0,False,608365 - 876069
INC-5CA60154,FALL_ESP32_004,ESP32_Fall_Detector,High,0.5,859,5 minutes,LOC_ICU,High Priority: Physical Anomaly detected on FALL_ESP32_004. Check patient status and secure network.,2025-03-10T23:18:42.598059,2025-03-10T23:13:42.675030,2025-03-10T23:18:42.598059,ICU,False,9,MQTT,172.20.10.2,1883,0,0,,True,,None,False,Anomaly,0,-0.172,0.519,N/A,27,False,10030 - 99935
INC-85E1F9E7,FALL_ESP32_004,ESP32_Fall_Detector,High,0.5,468,5 minutes,LOC_ICU,High Priority: Security Threat detected on FALL_ESP32_004. Check patient status and secure network.,2025-03-10T23:23:42.096007,2025-03-10T23:18:42.789086,2025-03-10T23:23:42.096007,ICU,False,9,MQTT,172.20.10.2,1883,0,0,,False,,None,False,Anomaly,0,-0.124,0.595,N/A,0,False,302348 - 601651
INC-B3C8FFB1,FALL_ESP32_004,ESP32_Fall_Detector,High,0.5,407,5 minutes,LOC_ICU,High Priority: Security Threat detected on FALL_ESP32_004. Check patient status and secure network.,2025-03-10T23:28:42.651396,2025-03-10T23:23:43.158015,2025-03-10T23:28:42.651396,ICU,False,9,MQTT,172.20.10.2,1883,0,0,,False,,None,False,Anomaly,0,-0.084,0.473,N/A,0,False,602713 - 902204
INC-397A95C9,FALL_ESP32_004,ESP32_Fall_Detector,High,0.5,164,5 minutes,LOC_ICU,High Priority: Security Threat detected on FALL_ESP32_004. Check patient status and secure network.,2025-03-10T23:31:36.824012,2025-03-10T23:28:43.713403,2025-03-10T23:31:36.824012,ICU,False,9,MQTT,172.20.10.2,1883,0,0,,False,,None,False,Anomaly,0,-0.077,0.588,N/A,0,False,1000970 - 999908
INC-DF26BA8B,FALL_ESP32_004,ESP32_Fall_Detector,Medium,0.5,12,5 minutes,LOC_ICU,Investigate: Potential None or physiological drift in ICU.,2025-03-10T23:34:21.554791,2025-03-10T23:34:09.871699,2025-03-10T23:34:21.554791,ICU,FALSE,9,MQTT,172.20.10.2,1883,0,0,,False,,None,False,Anomaly,0,-0.132,0.55,N/A,0,False,1229433 - 1241116
INC-D6973543,1,1,Critical,0.95,3,5 minutes,LOC_1,EMERGENCY: Physical and Cyber threats correlated on 1 in 1. Response required immediately.,2025-03-10T23:21:26.831166,2025-03-10T23:20:26.256014,2025-03-10T23:21:26.831166,1,False,5,0,82,1883,0,0,-1,True,"2, 0, 1",2,True,2,,0.2886,-0.2296,1,1,False,405848 - 466423
INC-6362F8E8,59,2,Critical,0.95,4,5 minutes,LOC_0,EMERGENCY: Physical and Cyber threats correlated on 59 in 0. Response required immediately.,2025-03-10T23:21:27.487985,2025-03-10T23:20:26.969267,2025-03-10T23:21:27.487985,0,False,6,5,36,1883,0,31.17,-1,False,-1,2,True,2,,,,1,0,False,406559 - 467076
INC-C85EBD23,58,1,Critical,0.95,3,5 minutes,LOC_1,EMERGENCY: Physical and Cyber threats correlated on 58 in 1. Response required immediately.,2025-03-10T23:20:56.515065,2025-03-10T23:20:31.333024,2025-03-10T23:20:56.515065,1,False,5,0,82,1883,0,0,-1,True,"2, 0",2,True,2,,4.4075,14.6903,1,1,False,410925 - 436107
INC-C8AFD9DB,33,2,Critical,0.95,4,5 minutes,LOC_0,EMERGENCY: Physical and Cyber threats correlated on 33 in 0. Response required immediately.,2025-03-10T23:21:12.308955,2025-03-10T23:20:32.006275,2025-03-10T23:21:12.308955,0,False,6,5,36,1883,0,31.24,-1,False,-1,2,True,2,,,,1,0,False,411596 - 451897
INC-376FCB1A,91,1,Critical,0.95,10,5 minutes,LOC_1,EMERGENCY: Physical and Cyber threats correlated on 91 in 1. Response required immediately.,2025-03-10T23:21:37.565009,2025-03-10T23:20:36.394031,2025-03-10T23:21:37.565009,1,False,5,"5, 0","36, 82",1883,0,31.5,-1,True,"-1, 2, 3, 0, 1",2,True,2,,0.0526,-0.8293,1,1,False,415986 - 477153
INC-B7D1FB28,91,0,Critical,0.95,5,5 minutes,LOC_2,EMERGENCY: Physical and Cyber threats correlated on 91 in 2. Response required immediately.,2025-03-10T23:36:38.558698,2025-03-10T23:36:06.297550,2025-03-10T23:36:38.558698,2,False,7,0,57,1883,65.2,0,1,False,-1,2,True,2,2306.0,,,1,0,False,1345898 - 1378159
INC-CCA67B56,60,2,Critical,0.95,4,5 minutes,LOC_0,EMERGENCY: Physical and Cyber threats correlated on 60 in 0. Response required immediately.,2025-03-10T23:21:22.425976,2025-03-10T23:20:47.073299,2025-03-10T23:21:22.425976,0,False,6,5,36,1883,0,31.4,-1,False,-1,2,True,2,,,,1,0,False,426663 - 462014
INC-8943B1BF,35,1,Critical,0.95,2,5 minutes,LOC_1,EMERGENCY: Physical and Cyber threats correlated on 35 in 1. Response required immediately.,2025-03-10T23:21:36.879182,2025-03-10T23:20:51.512057,2025-03-10T23:21:36.879182,1,False,5,0,82,1883,0,0,-1,True,"3, 0",2,True,2,,3.3934,16.5249,1,1,False,431104 - 476471
INC-A7394E6C,50,1,Critical,0.95,1,5 minutes,LOC_1,EMERGENCY: Physical and Cyber threats correlated on 50 in 1. Response required immediately.,2025-03-10T23:30:06.853324,2025-03-10T23:30:06.853324,2025-03-10T23:30:06.853324,1,False,5,0,6,4444,0,0,-1,False,2,1,False,1,,17.0306,0.3047,1,0,True,986444 - 986444
INC-0D526893,39,1,Critical,0.95,1,5 minutes,LOC_1,EMERGENCY: Physical and Cyber threats correlated on 39 in 1. Response required immediately.,2025-03-10T23:30:06.883333,2025-03-10T23:30:06.883333,2025-03-10T23:30:06.883333,1,False,5,3,77,9999,0,0,-1,False,3,1,False,1,,-1.2114,-0.2715,1,0,False,986474 - 986474
INC-6365B8E9,47,1,Critical,0.95,1,5 minutes,LOC_1,EMERGENCY: Physical and Cyber threats correlated on 47 in 1. Response required immediately.,2025-03-10T23:30:06.913341,2025-03-10T23:30:06.913341,2025-03-10T23:30:06.913341,1,False,5,3,18,4444,0,0,-1,False,2,1,False,1,,1.4408,0.269,1,0,True,986504 - 986504
INC-831267F4,46,1,Critical,0.95,1,5 minutes,LOC_1,EMERGENCY: Physical and Cyber threats correlated on 46 in 1. Response required immediately.,2025-03-10T23:30:06.943349,2025-03-10T23:30:06.943349,2025-03-10T23:30:06.943349,1,False,5,3,38,1883,0,0,-1,False,2,1,True,1,,18.8444,0.3342,1,0,True,986534 - 986534
INC-A313D16F,53,1,Critical,0.95,1,5 minutes,LOC_1,EMERGENCY: Physical and Cyber threats correlated on 53 in 1. Response required immediately.,2025-03-10T23:30:06.973358,2025-03-10T23:30:06.973358,2025-03-10T23:30:06.973358,1,False,5,3,14,4444,0,0,-1,False,2,1,False,1,,5.4927,0.3187,1,0,False,986564 - 986564
INC-711847AE,37,1,Critical,0.95,1,5 minutes,LOC_1,EMERGENCY: Physical and Cyber threats correlated on 37 in 1. Response required immediately.,2025-03-10T23:30:07.003380,2025-03-10T23:30:07.003380,2025-03-10T23:30:07.003380,1,False,5,7,68,4444,0,0,-1,False,2,1,False,1,,5.0842,-0.6697,1,0,False,986594 - 986594
INC-D50D797B,42,1,Critical,0.95,1,5 minutes,LOC_1,EMERGENCY: Physical and Cyber threats correlated on 42 in 1. Response required immediately.,2025-03-10T23:30:07.033388,2025-03-10T23:30:07.033388,2025-03-10T23:30:07.033388,1,False,5,3,76,9999,0,0,-1,False,2,1,False,1,,11.7307,0.6896,1,0,False,986624 - 986624
INC-E121DF72,44,1,Critical,0.95,1,5 minutes,LOC_1,EMERGENCY: Physical and Cyber threats correlated on 44 in 1. Response required immediately.,2025-03-10T23:30:07.063397,2025-03-10T23:30:07.063397,2025-03-10T23:30:07.063397,1,False,5,7,45,9999,0,0,-1,True,0,1,False,1,,-7.8714,13.1372,1,1,True,986654 - 986654
INC-FD1385E7,51,1,Critical,0.95,1,5 minutes,LOC_1,EMERGENCY: Physical and Cyber threats correlated on 51 in 1. Response required immediately.,2025-03-10T23:30:07.093407,2025-03-10T23:30:07.093407,2025-03-10T23:30:07.093407,1,False,5,3,50,1883,0,0,-1,False,2,1,True,1,,-11.8348,-0.2097,1,0,False,986684 - 986684
INC-6AB5A9AF,55,1,Critical,0.95,1,5 minutes,LOC_1,EMERGENCY: Physical and Cyber threats correlated on 55 in 1. Response required immediately.,2025-03-10T23:30:07.123416,2025-03-10T23:30:07.123416,2025-03-10T23:30:07.123416,1,False,5,7,39,1883,0,0,-1,False,2,1,True,1,,-2.4684,0.3644,1,0,True,986714 - 986714
INC-A36D8846,40,1,Critical,0.95,1,5 minutes,LOC_1,EMERGENCY: Physical and Cyber threats correlated on 40 in 1. Response required immediately.,2025-03-10T23:30:07.153426,2025-03-10T23:30:07.153426,2025-03-10T23:30:07.153426,1,False,5,7,34,9999,0,0,-1,False,1,1,False,1,,17.5644,-0.5112,1,0,True,986744 - 986744
INC-FC54CA64,54,1,Critical,0.95,1,5 minutes,LOC_1,EMERGENCY: Physical and Cyber threats correlated on 54 in 1. Response required immediately.,2025-03-10T23:30:07.183436,2025-03-10T23:30:07.183436,2025-03-10T23:30:07.183436,1,False,5,0,25,9999,0,0,-1,False,2,1,False,1,,10.657,0.2298,1,0,True,986774 - 986774
INC-11EE2D4F,36,1,Critical,0.95,1,5 minutes,LOC_1,EMERGENCY: Physical and Cyber threats correlated on 36 in 1. Response required immediately.,2025-03-10T23:30:07.213445,2025-03-10T23:30:07.213445,2025-03-10T23:30:07.213445,1,False,5,7,26,1883,0,0,-1,False,1,1,True,1,,-19.8673,0.2892,1,0,True,986804 - 986804
INC-9559B404,38,1,Critical,0.95,1,5 minutes,LOC_1,EMERGENCY: Physical and Cyber threats correlated on 38 in 1. Response required immediately.,2025-03-10T23:30:07.243453,2025-03-10T23:30:07.243453,2025-03-10T23:30:07.243453,1,False,5,0,51,4444,0,0,-1,False,3,1,False,1,,-10.5031,0.574,1,0,False,986834 - 986834
INC-DDF115BC,41,1,Critical,0.95,1,5 minutes,LOC_1,EMERGENCY: Physical and Cyber threats correlated on 41 in 1. Response required immediately.,2025-03-10T23:30:07.273462,2025-03-10T23:30:07.273462,2025-03-10T23:30:07.273462,1,False,5,7,62,1883,0,0,-1,False,2,1,True,1,,19.131,-0.2478,1,0,True,986864 - 986864
INC-E204B86A,48,1,Critical,0.95,1,5 minutes,LOC_1,EMERGENCY: Physical and Cyber threats correlated on 48 in 1. Response required immediately.,2025-03-10T23:30:07.303470,2025-03-10T23:30:07.303470,2025-03-10T23:30:07.303470,1,False,5,7,48,9999,0,0,-1,False,2,1,False,1,,8.0994,-0.4346,1,0,False,986894 - 986894
INC-64C2F683,49,1,Critical,0.95,1,5 minutes,LOC_1,EMERGENCY: Physical and Cyber threats correlated on 49 in 1. Response required immediately.,2025-03-10T23:30:07.333478,2025-03-10T23:30:07.333478,2025-03-10T23:30:07.333478,1,False,5,7,13,9999,0,0,-1,False,2,1,False,1,,0.6899,-0.0657,1,0,True,986924 - 986924
INC-4A0D8E7F,43,1,Critical,0.95,1,5 minutes,LOC_1,EMERGENCY: Physical and Cyber threats correlated on 43 in 1. Response required immediately.,2025-03-10T23:30:07.363487,2025-03-10T23:30:07.363487,2025-03-10T23:30:07.363487,1,False,5,0,40,9999,0,0,-1,False,2,1,False,1,,-0.0976,0.0879,1,0,False,986954 - 986954
INC-5A4C79D3,52,1,Critical,0.95,1,5 minutes,LOC_1,EMERGENCY: Physical and Cyber threats correlated on 52 in 1. Response required immediately.,2025-03-10T23:30:07.393495,2025-03-10T23:30:07.393495,2025-03-10T23:30:07.393495,1,False,5,3,23,9999,0,0,-1,False,2,1,False,1,,-7.3634,0.2733,1,0,True,986984 - 986984
INC-E9A5A796,45,1,Critical,0.95,1,5 minutes,LOC_1,EMERGENCY: Physical and Cyber threats correlated on 45 in 1. Response required immediately.,2025-03-10T23:30:07.423503,2025-03-10T23:30:07.423503,2025-03-10T23:30:07.423503,1,False,5,3,31,9999,0,0,-1,False,2,1,False,1,,10.9728,-0.3978,1,0,False,987014 - 987014
INC-E4654C38,32,0,Critical,0.95,298,5 minutes,LOC_2,EMERGENCY: Physical and Cyber threats correlated on 32 in 2. Response required immediately.,2025-03-10T23:35:42.346858,2025-03-10T23:30:43.369552,2025-03-10T23:35:42.346858,2,False,7,0,57,1883,84.5,0,"3, 1",False,-1,"5, 8, 6",True,"-1, 8, 5, 6",2011.0,,,0,0,False,1022983 - 1321959
INC-4F358D12,32,0,Critical,0.95,303,5 minutes,LOC_2,EMERGENCY: Physical and Cyber threats correlated on 32 in 2. Response required immediately.,2025-03-10T23:40:44.071308,2025-03-10T23:35:44.087451,2025-03-10T23:40:44.071308,2,False,7,"6, 2, 8, 3, 0","97, 92, 94",1883,66.9,0,"0, 1",False,-1,"7, 3, 4, 6",True,"-1, 6, 7, 3, 4",1965.0,,,1,0,False,1323688 - 1623670
INC-97A22E7C,32,0,Critical,0.95,297,5 minutes,LOC_2,EMERGENCY: Physical and Cyber threats correlated on 32 in 2. Response required immediately.,2025-03-10T23:45:44.348576,2025-03-10T23:40:45.326125,2025-03-10T23:45:44.348576,2,False,7,0,"83, 102, 89",1883,67.1,0,"2, 0, 1",False,-1,"4, 6",True,"-1, 4, 0, 6",1972.0,,,0,0,False,1624937 - 1923958
INC-D59FE335,32,0,Critical,0.95,298,5 minutes,LOC_2,EMERGENCY: Physical and Cyber threats correlated on 32 in 2. Response required immediately.,2025-03-10T23:50:44.918944,2025-03-10T23:45:45.877132,2025-03-10T23:50:44.918944,2,False,7,0,57,1883,69.6,0,"0, 1",False,-1,6,True,"-1, 6",1750.0,,,1,0,False,1925474 - 2224527
INC-A278BF8B,32,0,Critical,0.95,298,5 minutes,LOC_2,EMERGENCY: Physical and Cyber threats correlated on 32 in 2. Response required immediately.,2025-03-10T23:55:45.900262,2025-03-10T23:50:46.894050,2025-03-10T23:55:45.900262,2,False,7,0,57,1883,78.8,0,1,False,-1,6,True,"-1, 6",1792.0,,,1,0,False,2226489 - 2525507
INC-91A69531,32,0,Critical,0.95,156,5 minutes,LOC_2,EMERGENCY: Physical and Cyber threats correlated on 32 in 2. Response required immediately.,2025-03-10T23:59:09.919309,2025-03-10T23:55:47.799431,2025-03-10T23:59:09.919309,2,False,7,0,57,1883,75.1,0,1,False,-1,6,True,"-1, 6",1793.0,,,1,0,False,2527393 - 2729512
INC-731139A0,ECG_ESP32_001,ESP32_ECG_Monitor,High,0.5,149,5 minutes,LOC_WARD_02,High Priority: Security Threat detected on ECG_ESP32_001. Check patient status and secure network.,2025-03-10T23:35:42.375675,2025-03-10T23:30:43.398195,2025-03-10T23:35:42.375675,Ward_02,FALSE,7,BLE_MQTT,10.38.16.20,1883,76.2,0,NORMAL_SINUS,False,,None,False,Anomaly,2011,0,0,N/A,0,False,1022983 - 1321959
INC-E1ECB9E3,ECG_ESP32_001,ESP32_ECG_Monitor,High,0.5,149,5 minutes,LOC_WARD_02,High Priority: Security Threat detected on ECG_ESP32_001. Check patient status and secure network.,2025-03-10T23:40:43.333028,2025-03-10T23:35:44.386684,2025-03-10T23:40:43.333028,Ward_02,FALSE,7,BLE_MQTT,10.38.16.20,1883,70.4,0,NORMAL_SINUS,False,,None,False,Anomaly,1931,0,0,N/A,0,False,1323970 - 1622915
INC-D92F9B91,ECG_ESP32_001,ESP32_ECG_Monitor,High,0.5,149,5 minutes,LOC_WARD_02,High Priority: Security Threat detected on ECG_ESP32_001. Check patient status and secure network.,2025-03-10T23:45:44.377348,2025-03-10T23:40:45.355036,2025-03-10T23:45:44.377348,Ward_02,FALSE,7,BLE_MQTT,10.38.16.20,1883,63.9,0,"BRADYCARDIA, NORMAL_SINUS",False,,None,False,Anomaly,1972,0,0,N/A,0,False,1624937 - 1923958
INC-9FC9C06C,ECG_ESP32_001,ESP32_ECG_Monitor,High,0.5,149,5 minutes,LOC_WARD_02,High Priority: Security Threat detected on ECG_ESP32_001. Check patient status and secure network.,2025-03-10T23:50:44.947669,2025-03-10T23:45:46.383356,2025-03-10T23:50:44.947669,Ward_02,FALSE,7,BLE_MQTT,10.38.16.20,1883,66.4,0,"BRADYCARDIA, NORMAL_SINUS",False,,None,False,Anomaly,1895,0,0,N/A,0,False,1925964 - 2224527
INC-FA7FE969,ECG_ESP32_001,ESP32_ECG_Monitor,High,0.5,149,5 minutes,LOC_WARD_02,High Priority: Security Threat detected on ECG_ESP32_001. Check patient status and secure network.,2025-03-10T23:55:45.928953,2025-03-10T23:50:46.968676,2025-03-10T23:55:45.928953,Ward_02,FALSE,7,BLE_MQTT,10.38.16.20,1883,79.9,0,NORMAL_SINUS,False,,None,False,Anomaly,1830,0,0,N/A,0,False,2226548 - 2525507
INC-2D100A7F,ECG_ESP32_001,ESP32_ECG_Monitor,High,0.5,55,5 minutes,LOC_WARD_02,High Priority: Security Threat detected on ECG_ESP32_001. Check patient status and secure network.,2025-03-10T23:57:36.955379,2025-03-10T23:55:47.930961,2025-03-10T23:57:36.955379,Ward_02,FALSE,7,BLE_MQTT,10.38.16.20,1883,80.0,0,NORMAL_SINUS,False,,None,False,Anomaly,1791,0,0,N/A,0,False,2527509 - 2636533
INC-AE6884D3,62,2,Critical,0.95,1,5 minutes,LOC_0,EMERGENCY: Physical and Cyber threats correlated on 62 in 0. Response required immediately.,2025-03-10T23:31:49.854496,2025-03-10T23:31:49.854496,2025-03-10T23:31:49.854496,0,False,6,5,11,1883,0,28.8,-1,False,-1,1,True,1,,,,1,0,False,1089441 - 1089441
INC-11A8BDD1,71,2,Critical,0.95,1,5 minutes,LOC_0,EMERGENCY: Physical and Cyber threats correlated on 71 in 0. Response required immediately.,2025-03-10T23:31:49.884528,2025-03-10T23:31:49.884528,2025-03-10T23:31:49.884528,0,False,6,5,59,8080,0,28.18,-1,False,-1,1,False,1,,,,1,0,False,1089471 - 1089471
INC-E14C664F,75,2,Critical,0.95,1,5 minutes,LOC_0,EMERGENCY: Physical and Cyber threats correlated on 75 in 0. Response required immediately.,2025-03-10T23:31:49.914542,2025-03-10T23:31:49.914542,2025-03-10T23:31:49.914542,0,False,6,3,47,1883,0,31.8,-1,False,-1,1,True,1,,,,1,0,False,1089501 - 1089501
INC-970DE52F,67,2,Critical,0.95,1,5 minutes,LOC_0,EMERGENCY: Physical and Cyber threats correlated on 67 in 0. Response required immediately.,2025-03-10T23:31:49.944556,2025-03-10T23:31:49.944556,2025-03-10T23:31:49.944556,0,False,6,5,5,5555,0,33.59,-1,False,-1,1,True,1,,,,1,0,False,1089531 - 1089531
INC-0F2FDAD0,86,2,Critical,0.95,1,5 minutes,LOC_0,EMERGENCY: Physical and Cyber threats correlated on 86 in 0. Response required immediately.,2025-03-10T23:31:49.974569,2025-03-10T23:31:49.974569,2025-03-10T23:31:49.974569,0,False,6,3,35,8080,0,31.63,-1,False,-1,1,False,1,,,,1,0,False,1089561 - 1089561
INC-915FC766,63,2,Critical,0.95,1,5 minutes,LOC_0,EMERGENCY: Physical and Cyber threats correlated on 63 in 0. Response required immediately.,2025-03-10T23:31:50.004609,2025-03-10T23:31:50.004609,2025-03-10T23:31:50.004609,0,False,6,5,73,5555,0,28.32,-1,False,-1,1,True,1,,,,1,0,False,1089591 - 1089591
INC-4EC30D2A,82,2,Critical,0.95,1,5 minutes,LOC_0,EMERGENCY: Physical and Cyber threats correlated on 82 in 0. Response required immediately.,2025-03-10T23:31:50.034620,2025-03-10T23:31:50.034620,2025-03-10T23:31:50.034620,0,False,6,3,80,5555,0,34.69,-1,False,-1,1,True,1,,,,1,0,False,1089621 - 1089621
INC-BDA6D636,81,2,Critical,0.95,1,5 minutes,LOC_0,EMERGENCY: Physical and Cyber threats correlated on 81 in 0. Response required immediately.,2025-03-10T23:31:50.064631,2025-03-10T23:31:50.064631,2025-03-10T23:31:50.064631,0,False,6,3,32,1883,0,32.45,-1,False,-1,1,True,1,,,,1,0,False,1089651 - 1089651
INC-A18BD0AF,66,2,Critical,0.95,1,5 minutes,LOC_0,EMERGENCY: Physical and Cyber threats correlated on 66 in 0. Response required immediately.,2025-03-10T23:31:50.094653,2025-03-10T23:31:50.094653,2025-03-10T23:31:50.094653,0,False,6,3,46,9999,0,32.14,-1,False,-1,1,False,1,,,,1,0,False,1089681 - 1089681
INC-5967BF5F,70,2,Critical,0.95,1,5 minutes,LOC_0,EMERGENCY: Physical and Cyber threats correlated on 70 in 0. Response required immediately.,2025-03-10T23:31:50.124662,2025-03-10T23:31:50.124662,2025-03-10T23:31:50.124662,0,False,6,5,37,8080,0,29.83,-1,False,-1,1,False,1,,,,1,0,False,1089711 - 1089711
INC-88A478C7,73,2,Critical,0.95,1,5 minutes,LOC_0,EMERGENCY: Physical and Cyber threats correlated on 73 in 0. Response required immediately.,2025-03-10T23:31:50.154671,2025-03-10T23:31:50.154671,2025-03-10T23:31:50.154671,0,False,6,3,9,5555,0,32.65,-1,False,-1,1,True,1,,,,1,0,False,1089741 - 1089741
INC-BAD6C0BA,76,2,Critical,0.95,1,5 minutes,LOC_0,EMERGENCY: Physical and Cyber threats correlated on 76 in 0. Response required immediately.,2025-03-10T23:31:50.184680,2025-03-10T23:31:50.184680,2025-03-10T23:31:50.184680,0,False,6,5,67,8080,0,32.91,-1,False,-1,1,False,1,,,,1,0,False,1089771 - 1089771
INC-01031629,80,2,Critical,0.95,1,5 minutes,LOC_0,EMERGENCY: Physical and Cyber threats correlated on 80 in 0. Response required immediately.,2025-03-10T23:31:50.214689,2025-03-10T23:31:50.214689,2025-03-10T23:31:50.214689,0,False,6,7,72,5555,0,31.67,-1,False,-1,1,True,1,,,,1,0,False,1089801 - 1089801
INC-D1F7593A,77,2,Critical,0.95,1,5 minutes,LOC_0,EMERGENCY: Physical and Cyber threats correlated on 77 in 0. Response required immediately.,2025-03-10T23:31:50.244698,2025-03-10T23:31:50.244698,2025-03-10T23:31:50.244698,0,False,6,7,60,9999,0,34.27,-1,False,-1,1,False,1,,,,1,0,False,1089831 - 1089831
INC-D508617F,64,2,Critical,0.95,1,5 minutes,LOC_0,EMERGENCY: Physical and Cyber threats correlated on 64 in 0. Response required immediately.,2025-03-10T23:31:50.274707,2025-03-10T23:31:50.274707,2025-03-10T23:31:50.274707,0,False,6,3,12,5555,0,31.18,-1,False,-1,1,True,1,,,,1,0,False,1089861 - 1089861
INC-600F5F57,83,2,Critical,0.95,1,5 minutes,LOC_0,EMERGENCY: Physical and Cyber threats correlated on 83 in 0. Response required immediately.,2025-03-10T23:31:50.304717,2025-03-10T23:31:50.304717,2025-03-10T23:31:50.304717,0,False,6,5,43,5555,0,33.8,-1,False,-1,1,True,1,,,,1,0,False,1089891 - 1089891
INC-0D5966CA,78,2,Critical,0.95,1,5 minutes,LOC_0,EMERGENCY: Physical and Cyber threats correlated on 78 in 0. Response required immediately.,2025-03-10T23:31:50.334725,2025-03-10T23:31:50.334725,2025-03-10T23:31:50.334725,0,False,6,5,52,9999,0,33.1,-1,False,-1,1,False,1,,,,1,0,False,1089921 - 1089921
INC-265E3FAA,84,2,Critical,0.95,1,5 minutes,LOC_0,EMERGENCY: Physical and Cyber threats correlated on 84 in 0. Response required immediately.,2025-03-10T23:31:50.364734,2025-03-10T23:31:50.364734,2025-03-10T23:31:50.364734,0,False,6,3,66,8080,0,33.84,-1,False,-1,1,False,1,,,,1,0,False,1089951 - 1089951
INC-911C3241,90,2,Critical,0.95,1,5 minutes,LOC_0,EMERGENCY: Physical and Cyber threats correlated on 90 in 0. Response required immediately.,2025-03-10T23:31:50.394743,2025-03-10T23:31:50.394743,2025-03-10T23:31:50.394743,0,False,6,5,53,5555,0,29.74,-1,False,-1,1,True,1,,,,1,0,False,1089981 - 1089981
INC-D7F78B2D,87,2,Critical,0.95,2,5 minutes,LOC_0,EMERGENCY: Physical and Cyber threats correlated on 87 in 0. Response required immediately.,2025-03-10T23:31:50.694844,2025-03-10T23:31:50.424753,2025-03-10T23:31:50.694844,0,False,6,"5, 3","21, 75",8080,0,34.24,-1,False,-1,1,False,1,,,,1,0,False,1090011 - 1090281
INC-59958A1F,89,2,Critical,0.95,1,5 minutes,LOC_0,EMERGENCY: Physical and Cyber threats correlated on 89 in 0. Response required immediately.,2025-03-10T23:31:50.454761,2025-03-10T23:31:50.454761,2025-03-10T23:31:50.454761,0,False,6,3,0,5555,0,32.74,-1,False,-1,1,True,1,,,,1,0,False,1090041 - 1090041
INC-9FFBB0B8,79,2,Critical,0.95,1,5 minutes,LOC_0,EMERGENCY: Physical and Cyber threats correlated on 79 in 0. Response required immediately.,2025-03-10T23:31:50.484769,2025-03-10T23:31:50.484769,2025-03-10T23:31:50.484769,0,False,6,5,44,9999,0,32.24,-1,False,-1,1,False,1,,,,1,0,False,1090071 - 1090071
INC-292E3DFF,69,2,Critical,0.95,1,5 minutes,LOC_0,EMERGENCY: Physical and Cyber threats correlated on 69 in 0. Response required immediately.,2025-03-10T23:31:50.514781,2025-03-10T23:31:50.514781,2025-03-10T23:31:50.514781,0,False,6,5,7,5555,0,32.72,-1,False,-1,1,True,1,,,,1,0,False,1090101 - 1090101
INC-34D74ECA,68,2,Critical,0.95,1,5 minutes,LOC_0,EMERGENCY: Physical and Cyber threats correlated on 68 in 0. Response required immediately.,2025-03-10T23:31:50.544795,2025-03-10T23:31:50.544795,2025-03-10T23:31:50.544795,0,False,6,7,24,8080,0,30.75,-1,False,-1,1,False,1,,,,1,0,False,1090131 - 1090131
INC-A2D123BE,74,2,Critical,0.95,1,5 minutes,LOC_0,EMERGENCY: Physical and Cyber threats correlated on 74 in 0. Response required immediately.,2025-03-10T23:31:50.574804,2025-03-10T23:31:50.574804,2025-03-10T23:31:50.574804,0,False,6,5,74,1883,0,29.94,-1,False,-1,1,True,1,,,,1,0,False,1090161 - 1090161
INC-FBB90111,72,2,Critical,0.95,1,5 minutes,LOC_0,EMERGENCY: Physical and Cyber threats correlated on 72 in 0. Response required immediately.,2025-03-10T23:31:50.604813,2025-03-10T23:31:50.604813,2025-03-10T23:31:50.604813,0,False,6,7,29,8080,0,32.32,-1,False,-1,1,False,1,,,,1,0,False,1090191 - 1090191
INC-2C398D60,85,2,Critical,0.95,1,5 minutes,LOC_0,EMERGENCY: Physical and Cyber threats correlated on 85 in 0. Response required immediately.,2025-03-10T23:31:50.634823,2025-03-10T23:31:50.634823,2025-03-10T23:31:50.634823,0,False,6,7,49,8080,0,28.82,-1,False,-1,1,False,1,,,,1,0,False,1090221 - 1090221
INC-EF615907,88,2,Critical,0.95,1,5 minutes,LOC_0,EMERGENCY: Physical and Cyber threats correlated on 88 in 0. Response required immediately.,2025-03-10T23:31:50.664835,2025-03-10T23:31:50.664835,2025-03-10T23:31:50.664835,0,False,6,3,30,5555,0,28.45,-1,False,-1,1,True,1,,,,1,0,False,1090251 - 1090251
INC-05F5FCB5,65,2,Critical,0.95,1,5 minutes,LOC_0,EMERGENCY: Physical and Cyber threats correlated on 65 in 0. Response required immediately.,2025-03-10T23:31:50.724857,2025-03-10T23:31:50.724857,2025-03-10T23:31:50.724857,0,False,6,5,54,1883,0,31.3,-1,False,-1,1,True,1,,,,1,0,False,1090311 - 1090311
INC-EE3D2F55,0,0,Critical,0.95,5,5 minutes,LOC_2,EMERGENCY: Physical and Cyber threats correlated on 0 in 2. Response required immediately.,2025-03-10T23:36:44.617763,2025-03-10T23:36:10.326568,2025-03-10T23:36:44.617763,2,False,7,0,57,1883,65.8,0,1,False,-1,2,True,2,2232.0,,,1,0,False,1349927 - 1384218
INC-64526CE0,34,0,Critical,0.95,6,5 minutes,LOC_2,EMERGENCY: Physical and Cyber threats correlated on 34 in 2. Response required immediately.,2025-03-10T23:36:36.544689,2025-03-10T23:36:12.356579,2025-03-10T23:36:36.544689,2,False,7,0,57,1883,65.5,0,1,False,-1,2,True,2,2165.0,,,1,0,False,1351957 - 1376145
INC-F8806A9A,57,0,Critical,0.95,4,5 minutes,LOC_2,EMERGENCY: Physical and Cyber threats correlated on 57 in 2. Response required immediately.,2025-03-10T23:36:42.612750,2025-03-10T23:36:14.376588,2025-03-10T23:36:42.612750,2,False,7,0,57,1883,66.2,0,1,False,-1,2,True,2,2110.0,,,1,0,False,1353977 - 1382213
INC-52EA96F7,8,0,Critical,0.95,1,5 minutes,LOC_2,EMERGENCY: Physical and Cyber threats correlated on 8 in 2. Response required immediately.,2025-03-10T23:43:21.590037,2025-03-10T23:43:21.590037,2025-03-10T23:43:21.590037,2,False,7,0,2,8080,253.0,0,3,False,-1,1,False,1,40039.0,,,1,0,False,1781188 - 1781188
INC-3E3DCAD4,6,0,Critical,0.95,1,5 minutes,LOC_2,EMERGENCY: Physical and Cyber threats correlated on 6 in 2. Response required immediately.,2025-03-10T23:43:21.620047,2025-03-10T23:43:21.620047,2025-03-10T23:43:21.620047,2,False,7,3,1,4444,119.0,0,3,False,-1,1,False,1,20089.0,,,1,0,False,1781218 - 1781218
INC-CB14A5B4,17,0,Critical,0.95,1,5 minutes,LOC_2,EMERGENCY: Physical and Cyber threats correlated on 17 in 2. Response required immediately.,2025-03-10T23:43:21.650057,2025-03-10T23:43:21.650057,2025-03-10T23:43:21.650057,2,False,7,0,28,1883,148.0,0,3,False,-1,1,True,1,34608.0,,,1,0,False,1781248 - 1781248
INC-31AD23A0,25,0,Critical,0.95,1,5 minutes,LOC_2,EMERGENCY: Physical and Cyber threats correlated on 25 in 2. Response required immediately.,2025-03-10T23:43:21.680067,2025-03-10T23:43:21.680067,2025-03-10T23:43:21.680067,2,False,7,0,3,1883,22.0,0,3,False,-1,1,True,1,60769.0,,,1,0,False,1781278 - 1781278
INC-1D354926,3,0,Critical,0.95,1,5 minutes,LOC_2,EMERGENCY: Physical and Cyber threats correlated on 3 in 2. Response required immediately.,2025-03-10T23:43:21.710081,2025-03-10T23:43:21.710081,2025-03-10T23:43:21.710081,2,False,7,7,16,1883,30.0,0,3,False,-1,1,True,1,12867.0,,,1,0,False,1781308 - 1781308
INC-CF15D5E2,30,0,Critical,0.95,1,5 minutes,LOC_2,EMERGENCY: Physical and Cyber threats correlated on 30 in 2. Response required immediately.,2025-03-10T23:43:21.740091,2025-03-10T23:43:21.740091,2025-03-10T23:43:21.740091,2,False,7,3,61,1883,230.0,0,3,False,-1,1,True,1,39335.0,,,1,0,False,1781338 - 1781338
INC-34F4C08F,14,0,Critical,0.95,1,5 minutes,LOC_2,EMERGENCY: Physical and Cyber threats correlated on 14 in 2. Response required immediately.,2025-03-10T23:43:21.770100,2025-03-10T23:43:21.770100,2025-03-10T23:43:21.770100,2,False,7,0,20,4444,273.0,0,3,False,-1,1,False,1,33678.0,,,1,0,False,1781368 - 1781368
INC-F196EF7E,12,0,Critical,0.95,1,5 minutes,LOC_2,EMERGENCY: Physical and Cyber threats correlated on 12 in 2. Response required immediately.,2025-03-10T23:43:21.800108,2025-03-10T23:43:21.800108,2025-03-10T23:43:21.800108,2,False,7,3,42,4444,168.0,0,3,False,-1,1,False,1,861.0,,,1,0,False,1781398 - 1781398
INC-DAE1089E,5,0,Critical,0.95,1,5 minutes,LOC_2,EMERGENCY: Physical and Cyber threats correlated on 5 in 2. Response required immediately.,2025-03-10T23:43:21.830119,2025-03-10T23:43:21.830119,2025-03-10T23:43:21.830119,2,False,7,7,70,4444,252.0,0,3,False,-1,1,False,1,13029.0,,,1,0,False,1781428 - 1781428
INC-F12A51C1,24,0,Critical,0.95,1,5 minutes,LOC_2,EMERGENCY: Physical and Cyber threats correlated on 24 in 2. Response required immediately.,2025-03-10T23:43:21.860127,2025-03-10T23:43:21.860127,2025-03-10T23:43:21.860127,2,False,7,0,63,4444,293.0,0,3,False,-1,1,False,1,43688.0,,,1,0,False,1781458 - 1781458
INC-37E05086,10,0,Critical,0.95,1,5 minutes,LOC_2,EMERGENCY: Physical and Cyber threats correlated on 10 in 2. Response required immediately.,2025-03-10T23:43:21.890139,2025-03-10T23:43:21.890139,2025-03-10T23:43:21.890139,2,False,7,3,33,8080,186.0,0,3,False,-1,1,False,1,44490.0,,,1,0,False,1781488 - 1781488
INC-D68B7A4D,27,0,Critical,0.95,1,5 minutes,LOC_2,EMERGENCY: Physical and Cyber threats correlated on 27 in 2. Response required immediately.,2025-03-10T23:43:21.920147,2025-03-10T23:43:21.920147,2025-03-10T23:43:21.920147,2,False,7,7,69,8080,227.0,0,3,False,-1,1,False,1,60246.0,,,1,0,False,1781518 - 1781518
INC-B9EE2964,15,0,Critical,0.95,1,5 minutes,LOC_2,EMERGENCY: Physical and Cyber threats correlated on 15 in 2. Response required immediately.,2025-03-10T23:43:21.950155,2025-03-10T23:43:21.950155,2025-03-10T23:43:21.950155,2,False,7,3,64,4444,269.0,0,3,False,-1,1,False,1,11328.0,,,1,0,False,1781548 - 1781548
INC-27746292,29,0,Critical,0.95,1,5 minutes,LOC_2,EMERGENCY: Physical and Cyber threats correlated on 29 in 2. Response required immediately.,2025-03-10T23:43:21.980179,2025-03-10T23:43:21.980179,2025-03-10T23:43:21.980179,2,False,7,3,17,8080,71.0,0,3,False,-1,1,False,1,4876.0,,,1,0,False,1781578 - 1781578
INC-5890A74B,13,0,Critical,0.95,1,5 minutes,LOC_2,EMERGENCY: Physical and Cyber threats correlated on 13 in 2. Response required immediately.,2025-03-10T23:43:22.010188,2025-03-10T23:43:22.010188,2025-03-10T23:43:22.010188,2,False,7,3,65,8080,281.0,0,3,False,-1,1,False,1,50642.0,,,1,0,False,1781608 - 1781608
INC-B04B3DB0,11,0,Critical,0.95,1,5 minutes,LOC_2,EMERGENCY: Physical and Cyber threats correlated on 11 in 2. Response required immediately.,2025-03-10T23:43:22.040196,2025-03-10T23:43:22.040196,2025-03-10T23:43:22.040196,2,False,7,0,27,1883,297.0,0,3,False,-1,1,True,1,4871.0,,,1,0,False,1781638 - 1781638
INC-CE880762,7,0,Critical,0.95,1,5 minutes,LOC_2,EMERGENCY: Physical and Cyber threats correlated on 7 in 2. Response required immediately.,2025-03-10T23:43:22.070204,2025-03-10T23:43:22.070204,2025-03-10T23:43:22.070204,2,False,7,0,55,1883,147.0,0,3,False,-1,1,True,1,52436.0,,,1,0,False,1781668 - 1781668
INC-7C64F2C6,20,0,Critical,0.95,1,5 minutes,LOC_2,EMERGENCY: Physical and Cyber threats correlated on 20 in 2. Response required immediately.,2025-03-10T23:43:22.100215,2025-03-10T23:43:22.100215,2025-03-10T23:43:22.100215,2,False,7,3,71,4444,221.0,0,3,False,-1,1,False,1,18429.0,,,1,0,False,1781698 - 1781698
INC-14DC54CE,21,0,Critical,0.95,1,5 minutes,LOC_2,EMERGENCY: Physical and Cyber threats correlated on 21 in 2. Response required immediately.,2025-03-10T23:43:22.130239,2025-03-10T23:43:22.130239,2025-03-10T23:43:22.130239,2,False,7,3,15,4444,58.0,0,3,False,-1,1,False,1,34182.0,,,1,0,False,1781728 - 1781728
INC-A3FDEF5D,16,0,Critical,0.95,1,5 minutes,LOC_2,EMERGENCY: Physical and Cyber threats correlated on 16 in 2. Response required immediately.,2025-03-10T23:43:22.160250,2025-03-10T23:43:22.160250,2025-03-10T23:43:22.160250,2,False,7,7,58,8080,102.0,0,3,False,-1,1,False,1,8598.0,,,1,0,False,1781758 - 1781758
INC-50C66113,2,0,Critical,0.95,1,5 minutes,LOC_2,EMERGENCY: Physical and Cyber threats correlated on 2 in 2. Response required immediately.,2025-03-10T23:43:22.190279,2025-03-10T23:43:22.190279,2025-03-10T23:43:22.190279,2,False,7,7,22,1883,193.0,0,3,False,-1,1,True,1,3173.0,,,1,0,False,1781788 - 1781788
INC-246A3A9F,23,0,Critical,0.95,1,5 minutes,LOC_2,EMERGENCY: Physical and Cyber threats correlated on 23 in 2. Response required immediately.,2025-03-10T23:43:22.220288,2025-03-10T23:43:22.220288,2025-03-10T23:43:22.220288,2,False,7,0,10,1883,251.0,0,3,False,-1,1,True,1,43777.0,,,1,0,False,1781818 - 1781818
INC-42069DFC,19,0,Critical,0.95,1,5 minutes,LOC_2,EMERGENCY: Physical and Cyber threats correlated on 19 in 2. Response required immediately.,2025-03-10T23:43:22.250297,2025-03-10T23:43:22.250297,2025-03-10T23:43:22.250297,2,False,7,0,19,1883,90.0,0,3,False,-1,1,True,1,18230.0,,,1,0,False,1781848 - 1781848
INC-D42191E5,26,0,Critical,0.95,1,5 minutes,LOC_2,EMERGENCY: Physical and Cyber threats correlated on 26 in 2. Response required immediately.,2025-03-10T23:43:22.280306,2025-03-10T23:43:22.280306,2025-03-10T23:43:22.280306,2,False,7,0,56,8080,225.0,0,3,False,-1,1,False,1,35150.0,,,1,0,False,1781878 - 1781878
INC-B230F7BB,31,0,Critical,0.95,1,5 minutes,LOC_2,EMERGENCY: Physical and Cyber threats correlated on 31 in 2. Response required immediately.,2025-03-10T23:43:22.310315,2025-03-10T23:43:22.310315,2025-03-10T23:43:22.310315,2,False,7,3,81,4444,65.0,0,3,False,-1,1,False,1,36074.0,,,1,0,False,1781908 - 1781908
INC-7CA5DE57,18,0,Critical,0.95,1,5 minutes,LOC_2,EMERGENCY: Physical and Cyber threats correlated on 18 in 2. Response required immediately.,2025-03-10T23:43:22.340328,2025-03-10T23:43:22.340328,2025-03-10T23:43:22.340328,2,False,7,7,79,1883,183.0,0,3,False,-1,1,True,1,6117.0,,,1,0,False,1781938 - 1781938
INC-577C1E46,22,0,Critical,0.95,1,5 minutes,LOC_2,EMERGENCY: Physical and Cyber threats correlated on 22 in 2. Response required immediately.,2025-03-10T23:43:22.370337,2025-03-10T23:43:22.370337,2025-03-10T23:43:22.370337,2,False,7,0,41,8080,276.0,0,3,False,-1,1,False,1,36399.0,,,1,0,False,1781968 - 1781968
INC-CE75A951,9,0,Critical,0.95,1,5 minutes,LOC_2,EMERGENCY: Physical and Cyber threats correlated on 9 in 2. Response required immediately.,2025-03-10T23:43:22.400346,2025-03-10T23:43:22.400346,2025-03-10T23:43:22.400346,2,False,7,7,78,4444,111.0,0,3,False,-1,1,False,1,6650.0,,,1,0,False,1781998 - 1781998
INC-D008BECF,28,0,Critical,0.95,1,5 minutes,LOC_2,EMERGENCY: Physical and Cyber threats correlated on 28 in 2. Response required immediately.,2025-03-10T23:43:22.430362,2025-03-10T23:43:22.430362,2025-03-10T23:43:22.430362,2,False,7,7,4,4444,116.0,0,3,False,-1,1,False,1,12847.0,,,1,0,False,1782028 - 1782028
INC-3829C607,4,0,Critical,0.95,1,5 minutes,LOC_2,EMERGENCY: Physical and Cyber threats correlated on 4 in 2. Response required immediately.,2025-03-10T23:43:22.460371,2025-03-10T23:43:22.460371,2025-03-10T23:43:22.460371,2,False,7,3,8,4444,249.0,0,3,False,-1,1,False,1,26528.0,,,1,0,False,1782058 - 1782058
INC-19F53BF0,,,Low,0.5,1,5 minutes,,Routine maintenance: Minor anomalies detected.,2026-03-10T23:13:40.423465,2026-03-10T23:13:40.423465,2026-03-10T23:13:40.423465,,,,,,N/A,0,0,,False,,None,False,Anomaly,0,0,0,N/A,0,False,N/A
