timestamp,device_id,attack_type,is_attack,priority_label,ai_prediction,action_taken,sensor_source,ward,group_id,classification,anomaly_flag,data_source,incident_id
103500,TEMP_ESP32_001,sensor_spoofing,True,MEDIUM,MEDIUM,MONITORING,temperature,General_Ward,0,ATTACK,0,grouped_alerts,
108567,TEMP_ESP32_001,sensor_spoofing,True,MEDIUM,MEDIUM,MONITORING,temperature,General_Ward,0,ATTACK,0,grouped_alerts,
113574,TEMP_ESP32_001,sensor_spoofing,True,MEDIUM,MEDIUM,MONITORING,temperature,General_Ward,0,ATTACK,0,grouped_alerts,
118666,TEMP_ESP32_001,sensor_spoofing,True,MEDIUM,MEDIUM,MONITORING,temperature,General_Ward,0,ATTACK,0,grouped_alerts,
123743,TEMP_ESP32_001,sensor_spoofing,True,MEDIUM,MEDIUM,MONITORING,temperature,General_Ward,0,ATTACK,0,grouped_alerts,
128808,TEMP_ESP32_001,sensor_spoofing,True,MEDIUM,MEDIUM,MONITORING,temperature,General_Ward,0,ATTACK,0,grouped_alerts,
133811,TEMP_ESP32_001,sensor_spoofing,True,MEDIUM,MEDIUM,MONITORING,temperature,General_Ward,0,ATTACK,0,grouped_alerts,
138865,TEMP_ESP32_001,sensor_spoofing,True,MEDIUM,MEDIUM,MONITORING,temperature,General_Ward,0,ATTACK,0,grouped_alerts,
143877,TEMP_ESP32_001,sensor_spoofing,True,MEDIUM,MEDIUM,MONITORING,temperature,General_Ward,0,ATTACK,0,grouped_alerts,
148926,TEMP_ESP32_001,sensor_spoofing,True,MEDIUM,MEDIUM,MONITORING,temperature,General_Ward,0,ATTACK,0,grouped_alerts,
153952,TEMP_ESP32_001,sensor_spoofing,True,MEDIUM,MEDIUM,MONITORING,temperature,General_Ward,0,ATTACK,0,grouped_alerts,
159034,TEMP_ESP32_001,sensor_spoofing,True,MEDIUM,MEDIUM,MONITORING,temperature,General_Ward,0,ATTACK,0,grouped_alerts,
164086,TEMP_ESP32_001,sensor_spoofing,True,MEDIUM,MEDIUM,MONITORING,temperature,General_Ward,0,ATTACK,0,grouped_alerts,
169175,TEMP_ESP32_001,sensor_spoofing,True,MEDIUM,MEDIUM,MONITORING,temperature,General_Ward,0,ATTACK,0,grouped_alerts,
174270,TEMP_ESP32_001,sensor_spoofing,True,MEDIUM,MEDIUM,MONITORING,temperature,General_Ward,0,ATTACK,0,grouped_alerts,
254777,TEMP_ESP32_001,mqtt_port_manipulation,True,MEDIUM,MEDIUM,MONITORING,temperature,General_Ward,1,ATTACK,0,grouped_alerts,
259825,TEMP_ESP32_001,mqtt_port_manipulation,True,MEDIUM,MEDIUM,MONITORING,temperature,General_Ward,1,ATTACK,0,grouped_alerts,
264855,TEMP_ESP32_001,mqtt_port_manipulation,True,MEDIUM,MEDIUM,MONITORING,temperature,General_Ward,1,ATTACK,0,grouped_alerts,
269884,TEMP_ESP32_001,mqtt_port_manipulation,True,MEDIUM,MEDIUM,MONITORING,temperature,General_Ward,1,ATTACK,0,grouped_alerts,
274973,TEMP_ESP32_001,mqtt_port_manipulation,True,MEDIUM,MEDIUM,MONITORING,temperature,General_Ward,1,ATTACK,0,grouped_alerts,
280065,TEMP_ESP32_001,mqtt_port_manipulation,True,MEDIUM,MEDIUM,MONITORING,temperature,General_Ward,1,ATTACK,0,grouped_alerts,
285122,TEMP_ESP32_001,mqtt_port_manipulation,True,MEDIUM,MEDIUM,MONITORING,temperature,General_Ward,1,ATTACK,0,grouped_alerts,
290176,TEMP_ESP32_001,mqtt_port_manipulation,True,MEDIUM,MEDIUM,MONITORING,temperature,General_Ward,1,ATTACK,0,grouped_alerts,
295214,TEMP_ESP32_001,mqtt_port_manipulation,True,MEDIUM,MEDIUM,MONITORING,temperature,General_Ward,1,ATTACK,0,grouped_alerts,
300283,TEMP_ESP32_001,mqtt_port_manipulation,True,MEDIUM,MEDIUM,MONITORING,temperature,General_Ward,1,ATTACK,0,grouped_alerts,
305316,TEMP_ESP32_001,mqtt_port_manipulation,True,MEDIUM,MEDIUM,MONITORING,temperature,General_Ward,1,ATTACK,0,grouped_alerts,
310369,TEMP_ESP32_001,mqtt_port_manipulation,True,MEDIUM,MEDIUM,MONITORING,temperature,General_Ward,1,ATTACK,0,grouped_alerts,
315456,TEMP_ESP32_001,mqtt_port_manipulation,True,MEDIUM,MEDIUM,MONITORING,temperature,General_Ward,1,ATTACK,0,grouped_alerts,
320500,TEMP_ESP32_001,mqtt_port_manipulation,True,MEDIUM,MEDIUM,MONITORING,temperature,General_Ward,1,ATTACK,0,grouped_alerts,
325586,TEMP_ESP32_001,mqtt_port_manipulation,True,MEDIUM,MEDIUM,MONITORING,temperature,General_Ward,1,ATTACK,0,grouped_alerts,
406559,ROGUE_TEMP_001,device_identity_spoofing,True,HIGH,HIGH,TEMPORARY ISOLATION,temperature,General_Ward,2,ATTACK,0,grouped_alerts,
411596,FAKE_ESP32,device_identity_spoofing,True,HIGH,HIGH,TEMPORARY ISOLATION,temperature,General_Ward,2,ATTACK,0,grouped_alerts,
416610,UNKNOWN_DEVICE,device_identity_spoofing,True,HIGH,HIGH,TEMPORARY ISOLATION,temperature,General_Ward,2,ATTACK,0,grouped_alerts,
421615,FAKE_ESP32,device_identity_spoofing,True,HIGH,HIGH,TEMPORARY ISOLATION,temperature,General_Ward,2,ATTACK,0,grouped_alerts,
426663,TEMP_CLONE,device_identity_spoofing,True,HIGH,HIGH,TEMPORARY ISOLATION,temperature,General_Ward,2,ATTACK,0,grouped_alerts,
431676,FAKE_ESP32,device_identity_spoofing,True,HIGH,HIGH,TEMPORARY ISOLATION,temperature,General_Ward,2,ATTACK,0,grouped_alerts,
436699,ROGUE_TEMP_001,device_identity_spoofing,True,HIGH,HIGH,TEMPORARY ISOLATION,temperature,General_Ward,2,ATTACK,0,grouped_alerts,
441716,TEMP_CLONE,device_identity_spoofing,True,HIGH,HIGH,TEMPORARY ISOLATION,temperature,General_Ward,2,ATTACK,0,grouped_alerts,
446805,ROGUE_TEMP_001,device_identity_spoofing,True,HIGH,HIGH,TEMPORARY ISOLATION,temperature,General_Ward,2,ATTACK,0,grouped_alerts,
451897,FAKE_ESP32,device_identity_spoofing,True,HIGH,HIGH,TEMPORARY ISOLATION,temperature,General_Ward,2,ATTACK,0,grouped_alerts,
456924,TEMP_CLONE,device_identity_spoofing,True,HIGH,HIGH,TEMPORARY ISOLATION,temperature,General_Ward,2,ATTACK,0,grouped_alerts,
462014,TEMP_CLONE,device_identity_spoofing,True,HIGH,HIGH,TEMPORARY ISOLATION,temperature,General_Ward,2,ATTACK,0,grouped_alerts,
467076,ROGUE_TEMP_001,device_identity_spoofing,True,HIGH,HIGH,TEMPORARY ISOLATION,temperature,General_Ward,2,ATTACK,0,grouped_alerts,
472086,UNKNOWN_DEVICE,device_identity_spoofing,True,HIGH,HIGH,TEMPORARY ISOLATION,temperature,General_Ward,2,ATTACK,0,grouped_alerts,
477153,UNKNOWN_DEVICE,device_identity_spoofing,True,HIGH,HIGH,TEMPORARY ISOLATION,temperature,General_Ward,2,ATTACK,0,grouped_alerts,
557987,TEMP_ESP32_001,protocol_anomaly,True,MEDIUM,MEDIUM,MONITORING,temperature,General_Ward,3,ATTACK,0,grouped_alerts,
563087,TEMP_ESP32_001,protocol_anomaly,True,MEDIUM,MEDIUM,MONITORING,temperature,General_Ward,3,ATTACK,0,grouped_alerts,
568156,TEMP_ESP32_001,protocol_anomaly,True,MEDIUM,MEDIUM,MONITORING,temperature,General_Ward,3,ATTACK,0,grouped_alerts,
573174,TEMP_ESP32_001,protocol_anomaly,True,MEDIUM,MEDIUM,MONITORING,temperature,General_Ward,3,ATTACK,0,grouped_alerts,
578240,TEMP_ESP32_001,protocol_anomaly,True,MEDIUM,MEDIUM,MONITORING,temperature,General_Ward,3,ATTACK,0,grouped_alerts,
583341,TEMP_ESP32_001,protocol_anomaly,True,MEDIUM,MEDIUM,MONITORING,temperature,General_Ward,3,ATTACK,0,grouped_alerts,
588348,TEMP_ESP32_001,protocol_anomaly,True,MEDIUM,MEDIUM,MONITORING,temperature,General_Ward,3,ATTACK,0,grouped_alerts,
593371,TEMP_ESP32_001,protocol_anomaly,True,MEDIUM,MEDIUM,MONITORING,temperature,General_Ward,3,ATTACK,0,grouped_alerts,
598438,TEMP_ESP32_001,protocol_anomaly,True,MEDIUM,MEDIUM,MONITORING,temperature,General_Ward,3,ATTACK,0,grouped_alerts,
603526,TEMP_ESP32_001,protocol_anomaly,True,MEDIUM,MEDIUM,MONITORING,temperature,General_Ward,3,ATTACK,0,grouped_alerts,
608620,TEMP_ESP32_001,protocol_anomaly,True,MEDIUM,MEDIUM,MONITORING,temperature,General_Ward,3,ATTACK,0,grouped_alerts,
613642,TEMP_ESP32_001,protocol_anomaly,True,MEDIUM,MEDIUM,MONITORING,temperature,General_Ward,3,ATTACK,0,grouped_alerts,
618718,TEMP_ESP32_001,protocol_anomaly,True,MEDIUM,MEDIUM,MONITORING,temperature,General_Ward,3,ATTACK,0,grouped_alerts,
623739,TEMP_ESP32_001,protocol_anomaly,True,MEDIUM,MEDIUM,MONITORING,temperature,General_Ward,3,ATTACK,0,grouped_alerts,
628811,TEMP_ESP32_001,protocol_anomaly,True,MEDIUM,MEDIUM,MONITORING,temperature,General_Ward,3,ATTACK,0,grouped_alerts,
709612,TEMP_ESP32_001,flooding,True,LOW,LOW,NO_ACTION,temperature,General_Ward,4,ATTACK,0,grouped_alerts,
709662,TEMP_ESP32_001,flooding,True,LOW,LOW,NO_ACTION,temperature,General_Ward,4,ATTACK,0,grouped_alerts,
709712,TEMP_ESP32_001,flooding,True,LOW,LOW,NO_ACTION,temperature,General_Ward,4,ATTACK,0,grouped_alerts,
709762,TEMP_ESP32_001,flooding,True,LOW,LOW,NO_ACTION,temperature,General_Ward,4,ATTACK,0,grouped_alerts,
709812,TEMP_ESP32_001,flooding,True,LOW,LOW,NO_ACTION,temperature,General_Ward,4,ATTACK,0,grouped_alerts,
709862,TEMP_ESP32_001,flooding,True,LOW,LOW,NO_ACTION,temperature,General_Ward,4,ATTACK,0,grouped_alerts,
709912,TEMP_ESP32_001,flooding,True,LOW,LOW,NO_ACTION,temperature,General_Ward,4,ATTACK,0,grouped_alerts,
709962,TEMP_ESP32_001,flooding,True,LOW,LOW,NO_ACTION,temperature,General_Ward,4,ATTACK,0,grouped_alerts,
710012,TEMP_ESP32_001,flooding,True,LOW,LOW,NO_ACTION,temperature,General_Ward,4,ATTACK,0,grouped_alerts,
710062,TEMP_ESP32_001,flooding,True,LOW,LOW,NO_ACTION,temperature,General_Ward,4,ATTACK,0,grouped_alerts,
710112,TEMP_ESP32_001,flooding,True,LOW,LOW,NO_ACTION,temperature,General_Ward,4,ATTACK,0,grouped_alerts,
710162,TEMP_ESP32_001,flooding,True,LOW,LOW,NO_ACTION,temperature,General_Ward,4,ATTACK,0,grouped_alerts,
710212,TEMP_ESP32_001,flooding,True,LOW,LOW,NO_ACTION,temperature,General_Ward,4,ATTACK,0,grouped_alerts,
710262,TEMP_ESP32_001,flooding,True,LOW,LOW,NO_ACTION,temperature,General_Ward,4,ATTACK,0,grouped_alerts,
710312,TEMP_ESP32_001,flooding,True,LOW,LOW,NO_ACTION,temperature,General_Ward,4,ATTACK,0,grouped_alerts,
710362,TEMP_ESP32_001,flooding,True,LOW,LOW,NO_ACTION,temperature,General_Ward,4,ATTACK,0,grouped_alerts,
710412,TEMP_ESP32_001,flooding,True,LOW,LOW,NO_ACTION,temperature,General_Ward,4,ATTACK,0,grouped_alerts,
710462,TEMP_ESP32_001,flooding,True,LOW,LOW,NO_ACTION,temperature,General_Ward,4,ATTACK,0,grouped_alerts,
710512,TEMP_ESP32_001,flooding,True,LOW,LOW,NO_ACTION,temperature,General_Ward,4,ATTACK,0,grouped_alerts,
710562,TEMP_ESP32_001,flooding,True,LOW,LOW,NO_ACTION,temperature,General_Ward,4,ATTACK,0,grouped_alerts,
710612,TEMP_ESP32_001,flooding,True,LOW,LOW,NO_ACTION,temperature,General_Ward,4,ATTACK,0,grouped_alerts,
710662,TEMP_ESP32_001,flooding,True,LOW,LOW,NO_ACTION,temperature,General_Ward,4,ATTACK,0,grouped_alerts,
710712,TEMP_ESP32_001,flooding,True,LOW,LOW,NO_ACTION,temperature,General_Ward,4,ATTACK,0,grouped_alerts,
710762,TEMP_ESP32_001,flooding,True,LOW,LOW,NO_ACTION,temperature,General_Ward,4,ATTACK,0,grouped_alerts,
710812,TEMP_ESP32_001,flooding,True,LOW,LOW,NO_ACTION,temperature,General_Ward,4,ATTACK,0,grouped_alerts,
786477,TEMP_ESP32_001,ip_spoofing,True,MEDIUM,MEDIUM,MONITORING,temperature,General_Ward,5,ATTACK,0,grouped_alerts,
791517,TEMP_ESP32_001,ip_spoofing,True,MEDIUM,MEDIUM,MONITORING,temperature,General_Ward,5,ATTACK,0,grouped_alerts,
796521,TEMP_ESP32_001,ip_spoofing,True,MEDIUM,MEDIUM,MONITORING,temperature,General_Ward,5,ATTACK,0,grouped_alerts,
801532,TEMP_ESP32_001,ip_spoofing,True,MEDIUM,MEDIUM,MONITORING,temperature,General_Ward,5,ATTACK,0,grouped_alerts,
806573,TEMP_ESP32_001,ip_spoofing,True,MEDIUM,MEDIUM,MONITORING,temperature,General_Ward,5,ATTACK,0,grouped_alerts,
811673,TEMP_ESP32_001,ip_spoofing,True,MEDIUM,MEDIUM,MONITORING,temperature,General_Ward,5,ATTACK,0,grouped_alerts,
816701,TEMP_ESP32_001,ip_spoofing,True,MEDIUM,MEDIUM,MONITORING,temperature,General_Ward,5,ATTACK,0,grouped_alerts,
821799,TEMP_ESP32_001,ip_spoofing,True,MEDIUM,MEDIUM,MONITORING,temperature,General_Ward,5,ATTACK,0,grouped_alerts,
826814,TEMP_ESP32_001,ip_spoofing,True,MEDIUM,MEDIUM,MONITORING,temperature,General_Ward,5,ATTACK,0,grouped_alerts,
831908,TEMP_ESP32_001,ip_spoofing,True,MEDIUM,MEDIUM,MONITORING,temperature,General_Ward,5,ATTACK,0,grouped_alerts,
836957,TEMP_ESP32_001,ip_spoofing,True,MEDIUM,MEDIUM,MONITORING,temperature,General_Ward,5,ATTACK,0,grouped_alerts,
841972,TEMP_ESP32_001,ip_spoofing,True,MEDIUM,MEDIUM,MONITORING,temperature,General_Ward,5,ATTACK,0,grouped_alerts,
846977,TEMP_ESP32_001,ip_spoofing,True,MEDIUM,MEDIUM,MONITORING,temperature,General_Ward,5,ATTACK,0,grouped_alerts,
851991,TEMP_ESP32_001,ip_spoofing,True,MEDIUM,MEDIUM,MONITORING,temperature,General_Ward,5,ATTACK,0,grouped_alerts,
857071,TEMP_ESP32_001,ip_spoofing,True,MEDIUM,MEDIUM,MONITORING,temperature,General_Ward,5,ATTACK,0,grouped_alerts,
937743,TEMP_ESP32_001,data_tampering,True,HIGH,HIGH,TEMPORARY ISOLATION,temperature,General_Ward,6,ATTACK,0,grouped_alerts,
942796,TEMP_ESP32_001,data_tampering,True,HIGH,HIGH,TEMPORARY ISOLATION,temperature,General_Ward,6,ATTACK,0,grouped_alerts,
947881,TEMP_ESP32_001,data_tampering,True,HIGH,HIGH,TEMPORARY ISOLATION,temperature,General_Ward,6,ATTACK,0,grouped_alerts,
952897,TEMP_ESP32_001,data_tampering,True,HIGH,HIGH,TEMPORARY ISOLATION,temperature,General_Ward,6,ATTACK,0,grouped_alerts,
957983,TEMP_ESP32_001,data_tampering,True,HIGH,HIGH,TEMPORARY ISOLATION,temperature,General_Ward,6,ATTACK,0,grouped_alerts,
963039,TEMP_ESP32_001,data_tampering,True,HIGH,HIGH,TEMPORARY ISOLATION,temperature,General_Ward,6,ATTACK,0,grouped_alerts,
968063,TEMP_ESP32_001,data_tampering,True,HIGH,HIGH,TEMPORARY ISOLATION,temperature,General_Ward,6,ATTACK,0,grouped_alerts,
973152,TEMP_ESP32_001,data_tampering,True,HIGH,HIGH,TEMPORARY ISOLATION,temperature,General_Ward,6,ATTACK,0,grouped_alerts,
978206,TEMP_ESP32_001,data_tampering,True,HIGH,HIGH,TEMPORARY ISOLATION,temperature,General_Ward,6,ATTACK,0,grouped_alerts,
983303,TEMP_ESP32_001,data_tampering,True,HIGH,HIGH,TEMPORARY ISOLATION,temperature,General_Ward,6,ATTACK,0,grouped_alerts,
988313,TEMP_ESP32_001,data_tampering,True,HIGH,HIGH,TEMPORARY ISOLATION,temperature,General_Ward,6,ATTACK,0,grouped_alerts,
993346,TEMP_ESP32_001,data_tampering,True,HIGH,HIGH,TEMPORARY ISOLATION,temperature,General_Ward,6,ATTACK,0,grouped_alerts,
998443,TEMP_ESP32_001,data_tampering,True,HIGH,HIGH,TEMPORARY ISOLATION,temperature,General_Ward,6,ATTACK,0,grouped_alerts,
1003539,TEMP_ESP32_001,data_tampering,True,HIGH,HIGH,TEMPORARY ISOLATION,temperature,General_Ward,6,ATTACK,0,grouped_alerts,
1008600,TEMP_ESP32_001,data_tampering,True,HIGH,HIGH,TEMPORARY ISOLATION,temperature,General_Ward,6,ATTACK,0,grouped_alerts,
1089441,TEMP_ESP32_104,ddos,True,HIGH,HIGH,TEMPORARY ISOLATION,temperature,General_Ward,7,ATTACK,0,grouped_alerts,
1089471,TEMP_ESP32_417,ddos,True,HIGH,HIGH,TEMPORARY ISOLATION,temperature,General_Ward,7,ATTACK,0,grouped_alerts,
1089501,TEMP_ESP32_514,ddos,True,HIGH,HIGH,TEMPORARY ISOLATION,temperature,General_Ward,7,ATTACK,0,grouped_alerts,
1089531,TEMP_ESP32_233,ddos,True,HIGH,HIGH,TEMPORARY ISOLATION,temperature,General_Ward,7,ATTACK,0,grouped_alerts,
1089561,TEMP_ESP32_835,ddos,True,HIGH,HIGH,TEMPORARY ISOLATION,temperature,General_Ward,7,ATTACK,0,grouped_alerts,
1089591,TEMP_ESP32_121,ddos,True,HIGH,HIGH,TEMPORARY ISOLATION,temperature,General_Ward,7,ATTACK,0,grouped_alerts,
1089621,TEMP_ESP32_671,ddos,True,HIGH,HIGH,TEMPORARY ISOLATION,temperature,General_Ward,7,ATTACK,0,grouped_alerts,
1089651,TEMP_ESP32_662,ddos,True,HIGH,HIGH,TEMPORARY ISOLATION,temperature,General_Ward,7,ATTACK,0,grouped_alerts,
1089681,TEMP_ESP32_194,ddos,True,HIGH,HIGH,TEMPORARY ISOLATION,temperature,General_Ward,7,ATTACK,0,grouped_alerts,
1089711,TEMP_ESP32_365,ddos,True,HIGH,HIGH,TEMPORARY ISOLATION,temperature,General_Ward,7,ATTACK,0,grouped_alerts,
1089741,TEMP_ESP32_476,ddos,True,HIGH,HIGH,TEMPORARY ISOLATION,temperature,General_Ward,7,ATTACK,0,grouped_alerts,
1089771,TEMP_ESP32_517,ddos,True,HIGH,HIGH,TEMPORARY ISOLATION,temperature,General_Ward,7,ATTACK,0,grouped_alerts,
1089801,TEMP_ESP32_661,ddos,True,HIGH,HIGH,TEMPORARY ISOLATION,temperature,General_Ward,7,ATTACK,0,grouped_alerts,
1089831,TEMP_ESP32_544,ddos,True,HIGH,HIGH,TEMPORARY ISOLATION,temperature,General_Ward,7,ATTACK,0,grouped_alerts,
1089861,TEMP_ESP32_167,ddos,True,HIGH,HIGH,TEMPORARY ISOLATION,temperature,General_Ward,7,ATTACK,0,grouped_alerts,
1089891,TEMP_ESP32_674,ddos,True,HIGH,HIGH,TEMPORARY ISOLATION,temperature,General_Ward,7,ATTACK,0,grouped_alerts,
1089921,TEMP_ESP32_561,ddos,True,HIGH,HIGH,TEMPORARY ISOLATION,temperature,General_Ward,7,ATTACK,0,grouped_alerts,
1089951,TEMP_ESP32_755,ddos,True,HIGH,HIGH,TEMPORARY ISOLATION,temperature,General_Ward,7,ATTACK,0,grouped_alerts,
1089981,TEMP_ESP32_935,ddos,True,HIGH,HIGH,TEMPORARY ISOLATION,temperature,General_Ward,7,ATTACK,0,grouped_alerts,
1090011,TEMP_ESP32_877,ddos,True,HIGH,HIGH,TEMPORARY ISOLATION,temperature,General_Ward,7,ATTACK,0,grouped_alerts,
1090041,TEMP_ESP32_906,ddos,True,HIGH,HIGH,TEMPORARY ISOLATION,temperature,General_Ward,7,ATTACK,0,grouped_alerts,
1090071,TEMP_ESP32_590,ddos,True,HIGH,HIGH,TEMPORARY ISOLATION,temperature,General_Ward,7,ATTACK,0,grouped_alerts,
1090101,TEMP_ESP32_276,ddos,True,HIGH,HIGH,TEMPORARY ISOLATION,temperature,General_Ward,7,ATTACK,0,grouped_alerts,
1090131,TEMP_ESP32_263,ddos,True,HIGH,HIGH,TEMPORARY ISOLATION,temperature,General_Ward,7,ATTACK,0,grouped_alerts,
1090161,TEMP_ESP32_483,ddos,True,HIGH,HIGH,TEMPORARY ISOLATION,temperature,General_Ward,7,ATTACK,0,grouped_alerts,
1090191,TEMP_ESP32_426,ddos,True,HIGH,HIGH,TEMPORARY ISOLATION,temperature,General_Ward,7,ATTACK,0,grouped_alerts,
1090221,TEMP_ESP32_784,ddos,True,HIGH,HIGH,TEMPORARY ISOLATION,temperature,General_Ward,7,ATTACK,0,grouped_alerts,
1090251,TEMP_ESP32_891,ddos,True,HIGH,HIGH,TEMPORARY ISOLATION,temperature,General_Ward,7,ATTACK,0,grouped_alerts,
1090281,TEMP_ESP32_877,ddos,True,HIGH,HIGH,TEMPORARY ISOLATION,temperature,General_Ward,7,ATTACK,0,grouped_alerts,
1090311,TEMP_ESP32_182,ddos,True,HIGH,HIGH,TEMPORARY ISOLATION,temperature,General_Ward,7,ATTACK,0,grouped_alerts,
1184466,PULSE_ESP32_001,sensor_spoofing,True,CRITICAL,CRITICAL,PERMANENT QUARANTINE,pulse,ICU,8,ATTACK,0,grouped_alerts,
1186483,PULSE_ESP32_001,sensor_spoofing,True,CRITICAL,CRITICAL,PERMANENT QUARANTINE,pulse,ICU,8,ATTACK,0,grouped_alerts,
1188486,PULSE_ESP32_001,sensor_spoofing,True,CRITICAL,CRITICAL,PERMANENT QUARANTINE,pulse,ICU,8,ATTACK,0,grouped_alerts,
1190515,PULSE_ESP32_001,sensor_spoofing,True,CRITICAL,CRITICAL,PERMANENT QUARANTINE,pulse,ICU,8,ATTACK,0,grouped_alerts,
1192521,PULSE_ESP32_001,sensor_spoofing,True,CRITICAL,CRITICAL,PERMANENT QUARANTINE,pulse,ICU,8,ATTACK,0,grouped_alerts,
1194523,PULSE_ESP32_001,sensor_spoofing,True,CRITICAL,CRITICAL,PERMANENT QUARANTINE,pulse,ICU,8,ATTACK,0,grouped_alerts,
1196548,PULSE_ESP32_001,sensor_spoofing,True,CRITICAL,CRITICAL,PERMANENT QUARANTINE,pulse,ICU,8,ATTACK,0,grouped_alerts,
1198571,PULSE_ESP32_001,sensor_spoofing,True,CRITICAL,CRITICAL,PERMANENT QUARANTINE,pulse,ICU,8,ATTACK,0,grouped_alerts,
1200574,PULSE_ESP32_001,sensor_spoofing,True,CRITICAL,CRITICAL,PERMANENT QUARANTINE,pulse,ICU,8,ATTACK,0,grouped_alerts,
1202583,PULSE_ESP32_001,sensor_spoofing,True,CRITICAL,CRITICAL,PERMANENT QUARANTINE,pulse,ICU,8,ATTACK,0,grouped_alerts,
1204607,PULSE_ESP32_001,sensor_spoofing,True,CRITICAL,CRITICAL,PERMANENT QUARANTINE,pulse,ICU,8,ATTACK,0,grouped_alerts,
1206633,PULSE_ESP32_001,sensor_spoofing,True,CRITICAL,CRITICAL,PERMANENT QUARANTINE,pulse,ICU,8,ATTACK,0,grouped_alerts,
1208666,PULSE_ESP32_001,sensor_spoofing,True,CRITICAL,CRITICAL,PERMANENT QUARANTINE,pulse,ICU,8,ATTACK,0,grouped_alerts,
1210699,PULSE_ESP32_001,sensor_spoofing,True,CRITICAL,CRITICAL,PERMANENT QUARANTINE,pulse,ICU,8,ATTACK,0,grouped_alerts,
1212702,PULSE_ESP32_001,sensor_spoofing,True,CRITICAL,CRITICAL,PERMANENT QUARANTINE,pulse,ICU,8,ATTACK,0,grouped_alerts,
1214727,PULSE_ESP32_001,sensor_spoofing,True,CRITICAL,CRITICAL,PERMANENT QUARANTINE,pulse,ICU,8,ATTACK,0,grouped_alerts,
1216758,PULSE_ESP32_001,sensor_spoofing,True,CRITICAL,CRITICAL,PERMANENT QUARANTINE,pulse,ICU,8,ATTACK,0,grouped_alerts,
1218790,PULSE_ESP32_001,sensor_spoofing,True,CRITICAL,CRITICAL,PERMANENT QUARANTINE,pulse,ICU,8,ATTACK,0,grouped_alerts,
1220812,PULSE_ESP32_001,sensor_spoofing,True,CRITICAL,CRITICAL,PERMANENT QUARANTINE,pulse,ICU,8,ATTACK,0,grouped_alerts,
1222822,PULSE_ESP32_001,sensor_spoofing,True,CRITICAL,CRITICAL,PERMANENT QUARANTINE,pulse,ICU,8,ATTACK,0,grouped_alerts,
1265211,PULSE_ESP32_001,mqtt_port_manipulation,True,CRITICAL,CRITICAL,PERMANENT QUARANTINE,pulse,ICU,9,ATTACK,0,grouped_alerts,
1267216,PULSE_ESP32_001,mqtt_port_manipulation,True,CRITICAL,CRITICAL,PERMANENT QUARANTINE,pulse,ICU,9,ATTACK,0,grouped_alerts,
1269248,PULSE_ESP32_001,mqtt_port_manipulation,True,CRITICAL,CRITICAL,PERMANENT QUARANTINE,pulse,ICU,9,ATTACK,0,grouped_alerts,
1271266,PULSE_ESP32_001,mqtt_port_manipulation,True,CRITICAL,CRITICAL,PERMANENT QUARANTINE,pulse,ICU,9,ATTACK,0,grouped_alerts,
1273267,PULSE_ESP32_001,mqtt_port_manipulation,True,CRITICAL,CRITICAL,PERMANENT QUARANTINE,pulse,ICU,9,ATTACK,0,grouped_alerts,
1275282,PULSE_ESP32_001,mqtt_port_manipulation,True,CRITICAL,CRITICAL,PERMANENT QUARANTINE,pulse,ICU,9,ATTACK,0,grouped_alerts,
1277307,PULSE_ESP32_001,mqtt_port_manipulation,True,CRITICAL,CRITICAL,PERMANENT QUARANTINE,pulse,ICU,9,ATTACK,0,grouped_alerts,
1279329,PULSE_ESP32_001,mqtt_port_manipulation,True,CRITICAL,CRITICAL,PERMANENT QUARANTINE,pulse,ICU,9,ATTACK,0,grouped_alerts,
1281337,PULSE_ESP32_001,mqtt_port_manipulation,True,CRITICAL,CRITICAL,PERMANENT QUARANTINE,pulse,ICU,9,ATTACK,0,grouped_alerts,
1283363,PULSE_ESP32_001,mqtt_port_manipulation,True,CRITICAL,CRITICAL,PERMANENT QUARANTINE,pulse,ICU,9,ATTACK,0,grouped_alerts,
1285369,PULSE_ESP32_001,mqtt_port_manipulation,True,CRITICAL,CRITICAL,PERMANENT QUARANTINE,pulse,ICU,9,ATTACK,0,grouped_alerts,
1287406,PULSE_ESP32_001,mqtt_port_manipulation,True,CRITICAL,CRITICAL,PERMANENT QUARANTINE,pulse,ICU,9,ATTACK,0,grouped_alerts,
1289421,PULSE_ESP32_001,mqtt_port_manipulation,True,CRITICAL,CRITICAL,PERMANENT QUARANTINE,pulse,ICU,9,ATTACK,0,grouped_alerts,
1291424,PULSE_ESP32_001,mqtt_port_manipulation,True,CRITICAL,CRITICAL,PERMANENT QUARANTINE,pulse,ICU,9,ATTACK,0,grouped_alerts,
1293453,PULSE_ESP32_001,mqtt_port_manipulation,True,CRITICAL,CRITICAL,PERMANENT QUARANTINE,pulse,ICU,9,ATTACK,0,grouped_alerts,
1295468,PULSE_ESP32_001,mqtt_port_manipulation,True,CRITICAL,CRITICAL,PERMANENT QUARANTINE,pulse,ICU,9,ATTACK,0,grouped_alerts,
1297486,PULSE_ESP32_001,mqtt_port_manipulation,True,CRITICAL,CRITICAL,PERMANENT QUARANTINE,pulse,ICU,9,ATTACK,0,grouped_alerts,
1299490,PULSE_ESP32_001,mqtt_port_manipulation,True,CRITICAL,CRITICAL,PERMANENT QUARANTINE,pulse,ICU,9,ATTACK,0,grouped_alerts,
1301494,PULSE_ESP32_001,mqtt_port_manipulation,True,CRITICAL,CRITICAL,PERMANENT QUARANTINE,pulse,ICU,9,ATTACK,0,grouped_alerts,
1303500,PULSE_ESP32_001,mqtt_port_manipulation,True,CRITICAL,CRITICAL,PERMANENT QUARANTINE,pulse,ICU,9,ATTACK,0,grouped_alerts,
1345947,ROGUE_PULSE_001,device_identity_spoofing,True,CRITICAL,CRITICAL,PERMANENT QUARANTINE,pulse,ICU,10,ATTACK,0,grouped_alerts,
1347980,ROGUE_PULSE_001,device_identity_spoofing,True,CRITICAL,CRITICAL,PERMANENT QUARANTINE,pulse,ICU,10,ATTACK,0,grouped_alerts,
1349999,GHOST_ESP32,device_identity_spoofing,True,CRITICAL,CRITICAL,PERMANENT QUARANTINE,pulse,ICU,10,ATTACK,0,grouped_alerts,
1352001,GHOST_ESP32,device_identity_spoofing,True,CRITICAL,CRITICAL,PERMANENT QUARANTINE,pulse,ICU,10,ATTACK,0,grouped_alerts,
1354014,GHOST_ESP32,device_identity_spoofing,True,CRITICAL,CRITICAL,PERMANENT QUARANTINE,pulse,ICU,10,ATTACK,0,grouped_alerts,
1356027,UNKNOWN_DEVICE,device_identity_spoofing,True,CRITICAL,CRITICAL,PERMANENT QUARANTINE,pulse,ICU,10,ATTACK,0,grouped_alerts,
1358062,UNKNOWN_DEVICE,device_identity_spoofing,True,CRITICAL,CRITICAL,PERMANENT QUARANTINE,pulse,ICU,10,ATTACK,0,grouped_alerts,
1360084,GHOST_ESP32,device_identity_spoofing,True,CRITICAL,CRITICAL,PERMANENT QUARANTINE,pulse,ICU,10,ATTACK,0,grouped_alerts,
1362091,CLONE_PULSE,device_identity_spoofing,True,CRITICAL,CRITICAL,PERMANENT QUARANTINE,pulse,ICU,10,ATTACK,0,grouped_alerts,
1364119,CLONE_PULSE,device_identity_spoofing,True,CRITICAL,CRITICAL,PERMANENT QUARANTINE,pulse,ICU,10,ATTACK,0,grouped_alerts,
1366150,ROGUE_PULSE_001,device_identity_spoofing,True,CRITICAL,CRITICAL,PERMANENT QUARANTINE,pulse,ICU,10,ATTACK,0,grouped_alerts,
1368178,ROGUE_PULSE_001,device_identity_spoofing,True,CRITICAL,CRITICAL,PERMANENT QUARANTINE,pulse,ICU,10,ATTACK,0,grouped_alerts,
1370186,CLONE_PULSE,device_identity_spoofing,True,CRITICAL,CRITICAL,PERMANENT QUARANTINE,pulse,ICU,10,ATTACK,0,grouped_alerts,
1372197,UNKNOWN_DEVICE,device_identity_spoofing,True,CRITICAL,CRITICAL,PERMANENT QUARANTINE,pulse,ICU,10,ATTACK,0,grouped_alerts,
1374217,UNKNOWN_DEVICE,device_identity_spoofing,True,CRITICAL,CRITICAL,PERMANENT QUARANTINE,pulse,ICU,10,ATTACK,0,grouped_alerts,
1376218,CLONE_PULSE,device_identity_spoofing,True,CRITICAL,CRITICAL,PERMANENT QUARANTINE,pulse,ICU,10,ATTACK,0,grouped_alerts,
1378239,UNKNOWN_DEVICE,device_identity_spoofing,True,CRITICAL,CRITICAL,PERMANENT QUARANTINE,pulse,ICU,10,ATTACK,0,grouped_alerts,
1380268,UNKNOWN_DEVICE,device_identity_spoofing,True,CRITICAL,CRITICAL,PERMANENT QUARANTINE,pulse,ICU,10,ATTACK,0,grouped_alerts,
1382277,UNKNOWN_DEVICE,device_identity_spoofing,True,CRITICAL,CRITICAL,PERMANENT QUARANTINE,pulse,ICU,10,ATTACK,0,grouped_alerts,
1384294,UNKNOWN_DEVICE,device_identity_spoofing,True,CRITICAL,CRITICAL,PERMANENT QUARANTINE,pulse,ICU,10,ATTACK,0,grouped_alerts,
1446771,PULSE_ESP32_001,protocol_anomaly,True,CRITICAL,CRITICAL,PERMANENT QUARANTINE,pulse,ICU,11,ATTACK,0,grouped_alerts,
1448798,PULSE_ESP32_001,protocol_anomaly,True,CRITICAL,CRITICAL,PERMANENT QUARANTINE,pulse,ICU,11,ATTACK,0,grouped_alerts,
1450806,PULSE_ESP32_001,protocol_anomaly,True,CRITICAL,CRITICAL,PERMANENT QUARANTINE,pulse,ICU,11,ATTACK,0,grouped_alerts,
1452820,PULSE_ESP32_001,protocol_anomaly,True,CRITICAL,CRITICAL,PERMANENT QUARANTINE,pulse,ICU,11,ATTACK,0,grouped_alerts,
1454832,PULSE_ESP32_001,protocol_anomaly,True,CRITICAL,CRITICAL,PERMANENT QUARANTINE,pulse,ICU,11,ATTACK,0,grouped_alerts,
1456845,PULSE_ESP32_001,protocol_anomaly,True,CRITICAL,CRITICAL,PERMANENT QUARANTINE,pulse,ICU,11,ATTACK,0,grouped_alerts,
1458878,PULSE_ESP32_001,protocol_anomaly,True,CRITICAL,CRITICAL,PERMANENT QUARANTINE,pulse,ICU,11,ATTACK,0,grouped_alerts,
1460887,PULSE_ESP32_001,protocol_anomaly,True,CRITICAL,CRITICAL,PERMANENT QUARANTINE,pulse,ICU,11,ATTACK,0,grouped_alerts,
1462904,PULSE_ESP32_001,protocol_anomaly,True,CRITICAL,CRITICAL,PERMANENT QUARANTINE,pulse,ICU,11,ATTACK,0,grouped_alerts,
1464906,PULSE_ESP32_001,protocol_anomaly,True,CRITICAL,CRITICAL,PERMANENT QUARANTINE,pulse,ICU,11,ATTACK,0,grouped_alerts,
1466936,PULSE_ESP32_001,protocol_anomaly,True,CRITICAL,CRITICAL,PERMANENT QUARANTINE,pulse,ICU,11,ATTACK,0,grouped_alerts,
1468971,PULSE_ESP32_001,protocol_anomaly,True,CRITICAL,CRITICAL,PERMANENT QUARANTINE,pulse,ICU,11,ATTACK,0,grouped_alerts,
1470995,PULSE_ESP32_001,protocol_anomaly,True,CRITICAL,CRITICAL,PERMANENT QUARANTINE,pulse,ICU,11,ATTACK,0,grouped_alerts,
1473017,PULSE_ESP32_001,protocol_anomaly,True,CRITICAL,CRITICAL,PERMANENT QUARANTINE,pulse,ICU,11,ATTACK,0,grouped_alerts,
1475032,PULSE_ESP32_001,protocol_anomaly,True,CRITICAL,CRITICAL,PERMANENT QUARANTINE,pulse,ICU,11,ATTACK,0,grouped_alerts,
1477050,PULSE_ESP32_001,protocol_anomaly,True,CRITICAL,CRITICAL,PERMANENT QUARANTINE,pulse,ICU,11,ATTACK,0,grouped_alerts,
1479060,PULSE_ESP32_001,protocol_anomaly,True,CRITICAL,CRITICAL,PERMANENT QUARANTINE,pulse,ICU,11,ATTACK,0,grouped_alerts,
1481083,PULSE_ESP32_001,protocol_anomaly,True,CRITICAL,CRITICAL,PERMANENT QUARANTINE,pulse,ICU,11,ATTACK,0,grouped_alerts,
1483099,PULSE_ESP32_001,protocol_anomaly,True,CRITICAL,CRITICAL,PERMANENT QUARANTINE,pulse,ICU,11,ATTACK,0,grouped_alerts,
1485126,PULSE_ESP32_001,protocol_anomaly,True,CRITICAL,CRITICAL,PERMANENT QUARANTINE,pulse,ICU,11,ATTACK,0,grouped_alerts,
1547693,PULSE_ESP32_001,flooding,True,CRITICAL,CRITICAL,PERMANENT QUARANTINE,pulse,ICU,12,ATTACK,0,grouped_alerts,
1547743,PULSE_ESP32_001,flooding,True,CRITICAL,CRITICAL,PERMANENT QUARANTINE,pulse,ICU,12,ATTACK,0,grouped_alerts,
1547793,PULSE_ESP32_001,flooding,True,CRITICAL,CRITICAL,PERMANENT QUARANTINE,pulse,ICU,12,ATTACK,0,grouped_alerts,
1547843,PULSE_ESP32_001,flooding,True,CRITICAL,CRITICAL,PERMANENT QUARANTINE,pulse,ICU,12,ATTACK,0,grouped_alerts,
1547893,PULSE_ESP32_001,flooding,True,CRITICAL,CRITICAL,PERMANENT QUARANTINE,pulse,ICU,12,ATTACK,0,grouped_alerts,
1547943,PULSE_ESP32_001,flooding,True,CRITICAL,CRITICAL,PERMANENT QUARANTINE,pulse,ICU,12,ATTACK,0,grouped_alerts,
1547993,PULSE_ESP32_001,flooding,True,CRITICAL,CRITICAL,PERMANENT QUARANTINE,pulse,ICU,12,ATTACK,0,grouped_alerts,
1548043,PULSE_ESP32_001,flooding,True,CRITICAL,CRITICAL,PERMANENT QUARANTINE,pulse,ICU,12,ATTACK,0,grouped_alerts,
1548093,PULSE_ESP32_001,flooding,True,CRITICAL,CRITICAL,PERMANENT QUARANTINE,pulse,ICU,12,ATTACK,0,grouped_alerts,
1548143,PULSE_ESP32_001,flooding,True,CRITICAL,CRITICAL,PERMANENT QUARANTINE,pulse,ICU,12,ATTACK,0,grouped_alerts,
1548193,PULSE_ESP32_001,flooding,True,CRITICAL,CRITICAL,PERMANENT QUARANTINE,pulse,ICU,12,ATTACK,0,grouped_alerts,
1548243,PULSE_ESP32_001,flooding,True,CRITICAL,CRITICAL,PERMANENT QUARANTINE,pulse,ICU,12,ATTACK,0,grouped_alerts,
1548293,PULSE_ESP32_001,flooding,True,CRITICAL,CRITICAL,PERMANENT QUARANTINE,pulse,ICU,12,ATTACK,0,grouped_alerts,
1548343,PULSE_ESP32_001,flooding,True,CRITICAL,CRITICAL,PERMANENT QUARANTINE,pulse,ICU,12,ATTACK,0,grouped_alerts,
1548393,PULSE_ESP32_001,flooding,True,CRITICAL,CRITICAL,PERMANENT QUARANTINE,pulse,ICU,12,ATTACK,0,grouped_alerts,
1548443,PULSE_ESP32_001,flooding,True,CRITICAL,CRITICAL,PERMANENT QUARANTINE,pulse,ICU,12,ATTACK,0,grouped_alerts,
1548493,PULSE_ESP32_001,flooding,True,CRITICAL,CRITICAL,PERMANENT QUARANTINE,pulse,ICU,12,ATTACK,0,grouped_alerts,
1548543,PULSE_ESP32_001,flooding,True,CRITICAL,CRITICAL,PERMANENT QUARANTINE,pulse,ICU,12,ATTACK,0,grouped_alerts,
1548593,PULSE_ESP32_001,flooding,True,CRITICAL,CRITICAL,PERMANENT QUARANTINE,pulse,ICU,12,ATTACK,0,grouped_alerts,
1548643,PULSE_ESP32_001,flooding,True,CRITICAL,CRITICAL,PERMANENT QUARANTINE,pulse,ICU,12,ATTACK,0,grouped_alerts,
1548693,PULSE_ESP32_001,flooding,True,CRITICAL,CRITICAL,PERMANENT QUARANTINE,pulse,ICU,12,ATTACK,0,grouped_alerts,
1548743,PULSE_ESP32_001,flooding,True,CRITICAL,CRITICAL,PERMANENT QUARANTINE,pulse,ICU,12,ATTACK,0,grouped_alerts,
1548793,PULSE_ESP32_001,flooding,True,CRITICAL,CRITICAL,PERMANENT QUARANTINE,pulse,ICU,12,ATTACK,0,grouped_alerts,
1548843,PULSE_ESP32_001,flooding,True,CRITICAL,CRITICAL,PERMANENT QUARANTINE,pulse,ICU,12,ATTACK,0,grouped_alerts,
1548893,PULSE_ESP32_001,flooding,True,CRITICAL,CRITICAL,PERMANENT QUARANTINE,pulse,ICU,12,ATTACK,0,grouped_alerts,
1599524,PULSE_ESP32_001,ip_spoofing,True,CRITICAL,CRITICAL,PERMANENT QUARANTINE,pulse,ICU,13,ATTACK,0,grouped_alerts,
1601532,PULSE_ESP32_001,ip_spoofing,True,CRITICAL,CRITICAL,PERMANENT QUARANTINE,pulse,ICU,13,ATTACK,0,grouped_alerts,
1603551,PULSE_ESP32_001,ip_spoofing,True,CRITICAL,CRITICAL,PERMANENT QUARANTINE,pulse,ICU,13,ATTACK,0,grouped_alerts,
1605572,PULSE_ESP32_001,ip_spoofing,True,CRITICAL,CRITICAL,PERMANENT QUARANTINE,pulse,ICU,13,ATTACK,0,grouped_alerts,
1607596,PULSE_ESP32_001,ip_spoofing,True,CRITICAL,CRITICAL,PERMANENT QUARANTINE,pulse,ICU,13,ATTACK,0,grouped_alerts,
1609604,PULSE_ESP32_001,ip_spoofing,True,CRITICAL,CRITICAL,PERMANENT QUARANTINE,pulse,ICU,13,ATTACK,0,grouped_alerts,
1611610,PULSE_ESP32_001,ip_spoofing,True,CRITICAL,CRITICAL,PERMANENT QUARANTINE,pulse,ICU,13,ATTACK,0,grouped_alerts,
1613644,PULSE_ESP32_001,ip_spoofing,True,CRITICAL,CRITICAL,PERMANENT QUARANTINE,pulse,ICU,13,ATTACK,0,grouped_alerts,
1615651,PULSE_ESP32_001,ip_spoofing,True,CRITICAL,CRITICAL,PERMANENT QUARANTINE,pulse,ICU,13,ATTACK,0,grouped_alerts,
1617666,PULSE_ESP32_001,ip_spoofing,True,CRITICAL,CRITICAL,PERMANENT QUARANTINE,pulse,ICU,13,ATTACK,0,grouped_alerts,
1619677,PULSE_ESP32_001,ip_spoofing,True,CRITICAL,CRITICAL,PERMANENT QUARANTINE,pulse,ICU,13,ATTACK,0,grouped_alerts,
1621707,PULSE_ESP32_001,ip_spoofing,True,CRITICAL,CRITICAL,PERMANENT QUARANTINE,pulse,ICU,13,ATTACK,0,grouped_alerts,
1623714,PULSE_ESP32_001,ip_spoofing,True,CRITICAL,CRITICAL,PERMANENT QUARANTINE,pulse,ICU,13,ATTACK,0,grouped_alerts,
1625741,PULSE_ESP32_001,ip_spoofing,True,CRITICAL,CRITICAL,PERMANENT QUARANTINE,pulse,ICU,13,ATTACK,0,grouped_alerts,
1627751,PULSE_ESP32_001,ip_spoofing,True,CRITICAL,CRITICAL,PERMANENT QUARANTINE,pulse,ICU,13,ATTACK,0,grouped_alerts,
1629771,PULSE_ESP32_001,ip_spoofing,True,CRITICAL,CRITICAL,PERMANENT QUARANTINE,pulse,ICU,13,ATTACK,0,grouped_alerts,
1631781,PULSE_ESP32_001,ip_spoofing,True,CRITICAL,CRITICAL,PERMANENT QUARANTINE,pulse,ICU,13,ATTACK,0,grouped_alerts,
1633818,PULSE_ESP32_001,ip_spoofing,True,CRITICAL,CRITICAL,PERMANENT QUARANTINE,pulse,ICU,13,ATTACK,0,grouped_alerts,
1635825,PULSE_ESP32_001,ip_spoofing,True,CRITICAL,CRITICAL,PERMANENT QUARANTINE,pulse,ICU,13,ATTACK,0,grouped_alerts,
1637844,PULSE_ESP32_001,ip_spoofing,True,CRITICAL,CRITICAL,PERMANENT QUARANTINE,pulse,ICU,13,ATTACK,0,grouped_alerts,
1680259,PULSE_ESP32_001,data_tampering,True,CRITICAL,CRITICAL,PERMANENT QUARANTINE,pulse,ICU,14,ATTACK,0,grouped_alerts,
1682262,PULSE_ESP32_001,data_tampering,True,CRITICAL,CRITICAL,PERMANENT QUARANTINE,pulse,ICU,14,ATTACK,0,grouped_alerts,
1684272,PULSE_ESP32_001,data_tampering,True,CRITICAL,CRITICAL,PERMANENT QUARANTINE,pulse,ICU,14,ATTACK,0,grouped_alerts,
1686278,PULSE_ESP32_001,data_tampering,True,CRITICAL,CRITICAL,PERMANENT QUARANTINE,pulse,ICU,14,ATTACK,0,grouped_alerts,
1688293,PULSE_ESP32_001,data_tampering,True,CRITICAL,CRITICAL,PERMANENT QUARANTINE,pulse,ICU,14,ATTACK,0,grouped_alerts,
1690316,PULSE_ESP32_001,data_tampering,True,CRITICAL,CRITICAL,PERMANENT QUARANTINE,pulse,ICU,14,ATTACK,0,grouped_alerts,
1692339,PULSE_ESP32_001,data_tampering,True,CRITICAL,CRITICAL,PERMANENT QUARANTINE,pulse,ICU,14,ATTACK,0,grouped_alerts,
1694367,PULSE_ESP32_001,data_tampering,True,CRITICAL,CRITICAL,PERMANENT QUARANTINE,pulse,ICU,14,ATTACK,0,grouped_alerts,
1696395,PULSE_ESP32_001,data_tampering,True,CRITICAL,CRITICAL,PERMANENT QUARANTINE,pulse,ICU,14,ATTACK,0,grouped_alerts,
1698398,PULSE_ESP32_001,data_tampering,True,CRITICAL,CRITICAL,PERMANENT QUARANTINE,pulse,ICU,14,ATTACK,0,grouped_alerts,
1700402,PULSE_ESP32_001,data_tampering,True,CRITICAL,CRITICAL,PERMANENT QUARANTINE,pulse,ICU,14,ATTACK,0,grouped_alerts,
1702408,PULSE_ESP32_001,data_tampering,True,CRITICAL,CRITICAL,PERMANENT QUARANTINE,pulse,ICU,14,ATTACK,0,grouped_alerts,
1704445,PULSE_ESP32_001,data_tampering,True,CRITICAL,CRITICAL,PERMANENT QUARANTINE,pulse,ICU,14,ATTACK,0,grouped_alerts,
1706469,PULSE_ESP32_001,data_tampering,True,CRITICAL,CRITICAL,PERMANENT QUARANTINE,pulse,ICU,14,ATTACK,0,grouped_alerts,
1708495,PULSE_ESP32_001,data_tampering,True,CRITICAL,CRITICAL,PERMANENT QUARANTINE,pulse,ICU,14,ATTACK,0,grouped_alerts,
1710496,PULSE_ESP32_001,data_tampering,True,CRITICAL,CRITICAL,PERMANENT QUARANTINE,pulse,ICU,14,ATTACK,0,grouped_alerts,
1712527,PULSE_ESP32_001,data_tampering,True,CRITICAL,CRITICAL,PERMANENT QUARANTINE,pulse,ICU,14,ATTACK,0,grouped_alerts,
1714540,PULSE_ESP32_001,data_tampering,True,CRITICAL,CRITICAL,PERMANENT QUARANTINE,pulse,ICU,14,ATTACK,0,grouped_alerts,
1716544,PULSE_ESP32_001,data_tampering,True,CRITICAL,CRITICAL,PERMANENT QUARANTINE,pulse,ICU,14,ATTACK,0,grouped_alerts,
1718567,PULSE_ESP32_001,data_tampering,True,CRITICAL,CRITICAL,PERMANENT QUARANTINE,pulse,ICU,14,ATTACK,0,grouped_alerts,
1781131,PULSE_229,ddos,True,CRITICAL,CRITICAL,PERMANENT QUARANTINE,pulse,ICU,15,ATTACK,0,grouped_alerts,
1781161,PULSE_657,ddos,True,CRITICAL,CRITICAL,PERMANENT QUARANTINE,pulse,ICU,15,ATTACK,0,grouped_alerts,
1781191,PULSE_118,ddos,True,CRITICAL,CRITICAL,PERMANENT QUARANTINE,pulse,ICU,15,ATTACK,0,grouped_alerts,
1781221,PULSE_120,ddos,True,CRITICAL,CRITICAL,PERMANENT QUARANTINE,pulse,ICU,15,ATTACK,0,grouped_alerts,
1781251,PULSE_957,ddos,True,CRITICAL,CRITICAL,PERMANENT QUARANTINE,pulse,ICU,15,ATTACK,0,grouped_alerts,
1781281,PULSE_849,ddos,True,CRITICAL,CRITICAL,PERMANENT QUARANTINE,pulse,ICU,15,ATTACK,0,grouped_alerts,
1781311,PULSE_832,ddos,True,CRITICAL,CRITICAL,PERMANENT QUARANTINE,pulse,ICU,15,ATTACK,0,grouped_alerts,
1781341,PULSE_999,ddos,True,CRITICAL,CRITICAL,PERMANENT QUARANTINE,pulse,ICU,15,ATTACK,0,grouped_alerts,
1781371,PULSE_592,ddos,True,CRITICAL,CRITICAL,PERMANENT QUARANTINE,pulse,ICU,15,ATTACK,0,grouped_alerts,
1781401,PULSE_764,ddos,True,CRITICAL,CRITICAL,PERMANENT QUARANTINE,pulse,ICU,15,ATTACK,0,grouped_alerts,
1781431,PULSE_542,ddos,True,CRITICAL,CRITICAL,PERMANENT QUARANTINE,pulse,ICU,15,ATTACK,0,grouped_alerts,
1781461,PULSE_327,ddos,True,CRITICAL,CRITICAL,PERMANENT QUARANTINE,pulse,ICU,15,ATTACK,0,grouped_alerts,
1781491,PULSE_229,ddos,True,CRITICAL,CRITICAL,PERMANENT QUARANTINE,pulse,ICU,15,ATTACK,0,grouped_alerts,
1781521,PULSE_229,ddos,True,CRITICAL,CRITICAL,PERMANENT QUARANTINE,pulse,ICU,15,ATTACK,0,grouped_alerts,
1781551,PULSE_533,ddos,True,CRITICAL,CRITICAL,PERMANENT QUARANTINE,pulse,ICU,15,ATTACK,0,grouped_alerts,
1781581,PULSE_993,ddos,True,CRITICAL,CRITICAL,PERMANENT QUARANTINE,pulse,ICU,15,ATTACK,0,grouped_alerts,
1781611,PULSE_744,ddos,True,CRITICAL,CRITICAL,PERMANENT QUARANTINE,pulse,ICU,15,ATTACK,0,grouped_alerts,
1781641,PULSE_447,ddos,True,CRITICAL,CRITICAL,PERMANENT QUARANTINE,pulse,ICU,15,ATTACK,0,grouped_alerts,
1781671,PULSE_732,ddos,True,CRITICAL,CRITICAL,PERMANENT QUARANTINE,pulse,ICU,15,ATTACK,0,grouped_alerts,
1781701,PULSE_342,ddos,True,CRITICAL,CRITICAL,PERMANENT QUARANTINE,pulse,ICU,15,ATTACK,0,grouped_alerts,
1781731,PULSE_491,ddos,True,CRITICAL,CRITICAL,PERMANENT QUARANTINE,pulse,ICU,15,ATTACK,0,grouped_alerts,
1781761,PULSE_276,ddos,True,CRITICAL,CRITICAL,PERMANENT QUARANTINE,pulse,ICU,15,ATTACK,0,grouped_alerts,
1781791,PULSE_421,ddos,True,CRITICAL,CRITICAL,PERMANENT QUARANTINE,pulse,ICU,15,ATTACK,0,grouped_alerts,
1781821,PULSE_790,ddos,True,CRITICAL,CRITICAL,PERMANENT QUARANTINE,pulse,ICU,15,ATTACK,0,grouped_alerts,
1781851,PULSE_558,ddos,True,CRITICAL,CRITICAL,PERMANENT QUARANTINE,pulse,ICU,15,ATTACK,0,grouped_alerts,
1781881,PULSE_249,ddos,True,CRITICAL,CRITICAL,PERMANENT QUARANTINE,pulse,ICU,15,ATTACK,0,grouped_alerts,
1781911,PULSE_948,ddos,True,CRITICAL,CRITICAL,PERMANENT QUARANTINE,pulse,ICU,15,ATTACK,0,grouped_alerts,
1781941,PULSE_737,ddos,True,CRITICAL,CRITICAL,PERMANENT QUARANTINE,pulse,ICU,15,ATTACK,0,grouped_alerts,
1781971,PULSE_208,ddos,True,CRITICAL,CRITICAL,PERMANENT QUARANTINE,pulse,ICU,15,ATTACK,0,grouped_alerts,
1782001,PULSE_833,ddos,True,CRITICAL,CRITICAL,PERMANENT QUARANTINE,pulse,ICU,15,ATTACK,0,grouped_alerts,
102997,MOTION_ESP32_001,sensor_spoofing,True,MEDIUM,MEDIUM,MONITORING,motion,Ward_01,16,ATTACK,0,grouped_alerts,
108016,MOTION_ESP32_001,sensor_spoofing,True,MEDIUM,MEDIUM,MONITORING,motion,Ward_01,16,ATTACK,0,grouped_alerts,
113063,MOTION_ESP32_001,sensor_spoofing,True,MEDIUM,MEDIUM,MONITORING,motion,Ward_01,16,ATTACK,0,grouped_alerts,
118114,MOTION_ESP32_001,sensor_spoofing,True,MEDIUM,MEDIUM,MONITORING,motion,Ward_01,16,ATTACK,0,grouped_alerts,
123170,MOTION_ESP32_001,sensor_spoofing,True,MEDIUM,MEDIUM,MONITORING,motion,Ward_01,16,ATTACK,0,grouped_alerts,
128192,MOTION_ESP32_001,sensor_spoofing,True,MEDIUM,MEDIUM,MONITORING,motion,Ward_01,16,ATTACK,0,grouped_alerts,
133242,MOTION_ESP32_001,sensor_spoofing,True,MEDIUM,MEDIUM,MONITORING,motion,Ward_01,16,ATTACK,0,grouped_alerts,
138272,MOTION_ESP32_001,sensor_spoofing,True,MEDIUM,MEDIUM,MONITORING,motion,Ward_01,16,ATTACK,0,grouped_alerts,
143343,MOTION_ESP32_001,sensor_spoofing,True,MEDIUM,MEDIUM,MONITORING,motion,Ward_01,16,ATTACK,0,grouped_alerts,
148378,MOTION_ESP32_001,sensor_spoofing,True,MEDIUM,MEDIUM,MONITORING,motion,Ward_01,16,ATTACK,0,grouped_alerts,
153419,MOTION_ESP32_001,sensor_spoofing,True,MEDIUM,MEDIUM,MONITORING,motion,Ward_01,16,ATTACK,0,grouped_alerts,
158414,MOTION_ESP32_001,sensor_spoofing,True,MEDIUM,MEDIUM,MONITORING,motion,Ward_01,16,ATTACK,0,grouped_alerts,
163429,MOTION_ESP32_001,sensor_spoofing,True,MEDIUM,MEDIUM,MONITORING,motion,Ward_01,16,ATTACK,0,grouped_alerts,
168504,MOTION_ESP32_001,sensor_spoofing,True,MEDIUM,MEDIUM,MONITORING,motion,Ward_01,16,ATTACK,0,grouped_alerts,
173591,MOTION_ESP32_001,sensor_spoofing,True,MEDIUM,MEDIUM,MONITORING,motion,Ward_01,16,ATTACK,0,grouped_alerts,
254289,MOTION_ESP32_001,mqtt_port_manipulation,True,MEDIUM,MEDIUM,MONITORING,motion,Ward_01,17,ATTACK,0,grouped_alerts,
259284,MOTION_ESP32_001,mqtt_port_manipulation,True,MEDIUM,MEDIUM,MONITORING,motion,Ward_01,17,ATTACK,0,grouped_alerts,
264375,MOTION_ESP32_001,mqtt_port_manipulation,True,MEDIUM,MEDIUM,MONITORING,motion,Ward_01,17,ATTACK,0,grouped_alerts,
269415,MOTION_ESP32_001,mqtt_port_manipulation,True,MEDIUM,MEDIUM,MONITORING,motion,Ward_01,17,ATTACK,0,grouped_alerts,
274469,MOTION_ESP32_001,mqtt_port_manipulation,True,MEDIUM,MEDIUM,MONITORING,motion,Ward_01,17,ATTACK,0,grouped_alerts,
279499,MOTION_ESP32_001,mqtt_port_manipulation,True,MEDIUM,MEDIUM,MONITORING,motion,Ward_01,17,ATTACK,0,grouped_alerts,
284537,MOTION_ESP32_001,mqtt_port_manipulation,True,MEDIUM,MEDIUM,MONITORING,motion,Ward_01,17,ATTACK,0,grouped_alerts,
289604,MOTION_ESP32_001,mqtt_port_manipulation,True,MEDIUM,MEDIUM,MONITORING,motion,Ward_01,17,ATTACK,0,grouped_alerts,
294681,MOTION_ESP32_001,mqtt_port_manipulation,True,MEDIUM,MEDIUM,MONITORING,motion,Ward_01,17,ATTACK,0,grouped_alerts,
299715,MOTION_ESP32_001,mqtt_port_manipulation,True,MEDIUM,MEDIUM,MONITORING,motion,Ward_01,17,ATTACK,0,grouped_alerts,
304771,MOTION_ESP32_001,mqtt_port_manipulation,True,MEDIUM,MEDIUM,MONITORING,motion,Ward_01,17,ATTACK,0,grouped_alerts,
309765,MOTION_ESP32_001,mqtt_port_manipulation,True,MEDIUM,MEDIUM,MONITORING,motion,Ward_01,17,ATTACK,0,grouped_alerts,
314848,MOTION_ESP32_001,mqtt_port_manipulation,True,MEDIUM,MEDIUM,MONITORING,motion,Ward_01,17,ATTACK,0,grouped_alerts,
319898,MOTION_ESP32_001,mqtt_port_manipulation,True,MEDIUM,MEDIUM,MONITORING,motion,Ward_01,17,ATTACK,0,grouped_alerts,
324981,MOTION_ESP32_001,mqtt_port_manipulation,True,MEDIUM,MEDIUM,MONITORING,motion,Ward_01,17,ATTACK,0,grouped_alerts,
405848,CLONE_MPU,device_identity_spoofing,True,HIGH,HIGH,TEMPORARY ISOLATION,motion,Ward_01,18,ATTACK,0,grouped_alerts,
410925,ROGUE_MOTION_001,device_identity_spoofing,True,HIGH,HIGH,TEMPORARY ISOLATION,motion,Ward_01,18,ATTACK,0,grouped_alerts,
415986,UNKNOWN_DEVICE,device_identity_spoofing,True,HIGH,HIGH,TEMPORARY ISOLATION,motion,Ward_01,18,ATTACK,0,grouped_alerts,
421068,ROGUE_MOTION_001,device_identity_spoofing,True,HIGH,HIGH,TEMPORARY ISOLATION,motion,Ward_01,18,ATTACK,0,grouped_alerts,
426071,UNKNOWN_DEVICE,device_identity_spoofing,True,HIGH,HIGH,TEMPORARY ISOLATION,motion,Ward_01,18,ATTACK,0,grouped_alerts,
431104,GHOST_IMU,device_identity_spoofing,True,HIGH,HIGH,TEMPORARY ISOLATION,motion,Ward_01,18,ATTACK,0,grouped_alerts,
436107,ROGUE_MOTION_001,device_identity_spoofing,True,HIGH,HIGH,TEMPORARY ISOLATION,motion,Ward_01,18,ATTACK,0,grouped_alerts,
441185,CLONE_MPU,device_identity_spoofing,True,HIGH,HIGH,TEMPORARY ISOLATION,motion,Ward_01,18,ATTACK,0,grouped_alerts,
446265,UNKNOWN_DEVICE,device_identity_spoofing,True,HIGH,HIGH,TEMPORARY ISOLATION,motion,Ward_01,18,ATTACK,0,grouped_alerts,
451280,UNKNOWN_DEVICE,device_identity_spoofing,True,HIGH,HIGH,TEMPORARY ISOLATION,motion,Ward_01,18,ATTACK,0,grouped_alerts,
456346,UNKNOWN_DEVICE,device_identity_spoofing,True,HIGH,HIGH,TEMPORARY ISOLATION,motion,Ward_01,18,ATTACK,0,grouped_alerts,
461361,UNKNOWN_DEVICE,device_identity_spoofing,True,HIGH,HIGH,TEMPORARY ISOLATION,motion,Ward_01,18,ATTACK,0,grouped_alerts,
466423,CLONE_MPU,device_identity_spoofing,True,HIGH,HIGH,TEMPORARY ISOLATION,motion,Ward_01,18,ATTACK,0,grouped_alerts,
471476,UNKNOWN_DEVICE,device_identity_spoofing,True,HIGH,HIGH,TEMPORARY ISOLATION,motion,Ward_01,18,ATTACK,0,grouped_alerts,
476471,GHOST_IMU,device_identity_spoofing,True,HIGH,HIGH,TEMPORARY ISOLATION,motion,Ward_01,18,ATTACK,0,grouped_alerts,
557162,MOTION_ESP32_001,protocol_anomaly,True,MEDIUM,MEDIUM,MONITORING,motion,Ward_01,19,ATTACK,0,grouped_alerts,
562208,MOTION_ESP32_001,protocol_anomaly,True,MEDIUM,MEDIUM,MONITORING,motion,Ward_01,19,ATTACK,0,grouped_alerts,
567252,MOTION_ESP32_001,protocol_anomaly,True,MEDIUM,MEDIUM,MONITORING,motion,Ward_01,19,ATTACK,0,grouped_alerts,
572287,MOTION_ESP32_001,protocol_anomaly,True,MEDIUM,MEDIUM,MONITORING,motion,Ward_01,19,ATTACK,0,grouped_alerts,
577319,MOTION_ESP32_001,protocol_anomaly,True,MEDIUM,MEDIUM,MONITORING,motion,Ward_01,19,ATTACK,0,grouped_alerts,
582355,MOTION_ESP32_001,protocol_anomaly,True,MEDIUM,MEDIUM,MONITORING,motion,Ward_01,19,ATTACK,0,grouped_alerts,
587413,MOTION_ESP32_001,protocol_anomaly,True,MEDIUM,MEDIUM,MONITORING,motion,Ward_01,19,ATTACK,0,grouped_alerts,
592492,MOTION_ESP32_001,protocol_anomaly,True,MEDIUM,MEDIUM,MONITORING,motion,Ward_01,19,ATTACK,0,grouped_alerts,
597562,MOTION_ESP32_001,protocol_anomaly,True,MEDIUM,MEDIUM,MONITORING,motion,Ward_01,19,ATTACK,0,grouped_alerts,
602568,MOTION_ESP32_001,protocol_anomaly,True,MEDIUM,MEDIUM,MONITORING,motion,Ward_01,19,ATTACK,0,grouped_alerts,
607659,MOTION_ESP32_001,protocol_anomaly,True,MEDIUM,MEDIUM,MONITORING,motion,Ward_01,19,ATTACK,0,grouped_alerts,
612685,MOTION_ESP32_001,protocol_anomaly,True,MEDIUM,MEDIUM,MONITORING,motion,Ward_01,19,ATTACK,0,grouped_alerts,
617751,MOTION_ESP32_001,protocol_anomaly,True,MEDIUM,MEDIUM,MONITORING,motion,Ward_01,19,ATTACK,0,grouped_alerts,
622755,MOTION_ESP32_001,protocol_anomaly,True,MEDIUM,MEDIUM,MONITORING,motion,Ward_01,19,ATTACK,0,grouped_alerts,
627796,MOTION_ESP32_001,protocol_anomaly,True,MEDIUM,MEDIUM,MONITORING,motion,Ward_01,19,ATTACK,0,grouped_alerts,
708474,MOTION_ESP32_001,flooding,True,LOW,LOW,NO_ACTION,motion,Ward_01,20,ATTACK,0,grouped_alerts,
708524,MOTION_ESP32_001,flooding,True,LOW,LOW,NO_ACTION,motion,Ward_01,20,ATTACK,0,grouped_alerts,
708574,MOTION_ESP32_001,flooding,True,LOW,LOW,NO_ACTION,motion,Ward_01,20,ATTACK,0,grouped_alerts,
708624,MOTION_ESP32_001,flooding,True,LOW,LOW,NO_ACTION,motion,Ward_01,20,ATTACK,0,grouped_alerts,
708674,MOTION_ESP32_001,flooding,True,LOW,LOW,NO_ACTION,motion,Ward_01,20,ATTACK,0,grouped_alerts,
708724,MOTION_ESP32_001,flooding,True,LOW,LOW,NO_ACTION,motion,Ward_01,20,ATTACK,0,grouped_alerts,
708774,MOTION_ESP32_001,flooding,True,LOW,LOW,NO_ACTION,motion,Ward_01,20,ATTACK,0,grouped_alerts,
708824,MOTION_ESP32_001,flooding,True,LOW,LOW,NO_ACTION,motion,Ward_01,20,ATTACK,0,grouped_alerts,
708874,MOTION_ESP32_001,flooding,True,LOW,LOW,NO_ACTION,motion,Ward_01,20,ATTACK,0,grouped_alerts,
708924,MOTION_ESP32_001,flooding,True,LOW,LOW,NO_ACTION,motion,Ward_01,20,ATTACK,0,grouped_alerts,
708974,MOTION_ESP32_001,flooding,True,LOW,LOW,NO_ACTION,motion,Ward_01,20,ATTACK,0,grouped_alerts,
709024,MOTION_ESP32_001,flooding,True,LOW,LOW,NO_ACTION,motion,Ward_01,20,ATTACK,0,grouped_alerts,
709074,MOTION_ESP32_001,flooding,True,LOW,LOW,NO_ACTION,motion,Ward_01,20,ATTACK,0,grouped_alerts,
709124,MOTION_ESP32_001,flooding,True,LOW,LOW,NO_ACTION,motion,Ward_01,20,ATTACK,0,grouped_alerts,
709174,MOTION_ESP32_001,flooding,True,LOW,LOW,NO_ACTION,motion,Ward_01,20,ATTACK,0,grouped_alerts,
709224,MOTION_ESP32_001,flooding,True,LOW,LOW,NO_ACTION,motion,Ward_01,20,ATTACK,0,grouped_alerts,
709274,MOTION_ESP32_001,flooding,True,LOW,LOW,NO_ACTION,motion,Ward_01,20,ATTACK,0,grouped_alerts,
709324,MOTION_ESP32_001,flooding,True,LOW,LOW,NO_ACTION,motion,Ward_01,20,ATTACK,0,grouped_alerts,
709374,MOTION_ESP32_001,flooding,True,LOW,LOW,NO_ACTION,motion,Ward_01,20,ATTACK,0,grouped_alerts,
709424,MOTION_ESP32_001,flooding,True,LOW,LOW,NO_ACTION,motion,Ward_01,20,ATTACK,0,grouped_alerts,
709474,MOTION_ESP32_001,flooding,True,LOW,LOW,NO_ACTION,motion,Ward_01,20,ATTACK,0,grouped_alerts,
709524,MOTION_ESP32_001,flooding,True,LOW,LOW,NO_ACTION,motion,Ward_01,20,ATTACK,0,grouped_alerts,
709574,MOTION_ESP32_001,flooding,True,LOW,LOW,NO_ACTION,motion,Ward_01,20,ATTACK,0,grouped_alerts,
709624,MOTION_ESP32_001,flooding,True,LOW,LOW,NO_ACTION,motion,Ward_01,20,ATTACK,0,grouped_alerts,
709674,MOTION_ESP32_001,flooding,True,LOW,LOW,NO_ACTION,motion,Ward_01,20,ATTACK,0,grouped_alerts,
760101,MOTION_ESP32_001,ip_spoofing,True,MEDIUM,MEDIUM,MONITORING,motion,Ward_01,21,ATTACK,0,grouped_alerts,
765158,MOTION_ESP32_001,ip_spoofing,True,MEDIUM,MEDIUM,MONITORING,motion,Ward_01,21,ATTACK,0,grouped_alerts,
770182,MOTION_ESP32_001,ip_spoofing,True,MEDIUM,MEDIUM,MONITORING,motion,Ward_01,21,ATTACK,0,grouped_alerts,
775180,MOTION_ESP32_001,ip_spoofing,True,MEDIUM,MEDIUM,MONITORING,motion,Ward_01,21,ATTACK,0,grouped_alerts,
780253,MOTION_ESP32_001,ip_spoofing,True,MEDIUM,MEDIUM,MONITORING,motion,Ward_01,21,ATTACK,0,grouped_alerts,
785294,MOTION_ESP32_001,ip_spoofing,True,MEDIUM,MEDIUM,MONITORING,motion,Ward_01,21,ATTACK,0,grouped_alerts,
790358,MOTION_ESP32_001,ip_spoofing,True,MEDIUM,MEDIUM,MONITORING,motion,Ward_01,21,ATTACK,0,grouped_alerts,
795402,MOTION_ESP32_001,ip_spoofing,True,MEDIUM,MEDIUM,MONITORING,motion,Ward_01,21,ATTACK,0,grouped_alerts,
800466,MOTION_ESP32_001,ip_spoofing,True,MEDIUM,MEDIUM,MONITORING,motion,Ward_01,21,ATTACK,0,grouped_alerts,
805463,MOTION_ESP32_001,ip_spoofing,True,MEDIUM,MEDIUM,MONITORING,motion,Ward_01,21,ATTACK,0,grouped_alerts,
810503,MOTION_ESP32_001,ip_spoofing,True,MEDIUM,MEDIUM,MONITORING,motion,Ward_01,21,ATTACK,0,grouped_alerts,
815584,MOTION_ESP32_001,ip_spoofing,True,MEDIUM,MEDIUM,MONITORING,motion,Ward_01,21,ATTACK,0,grouped_alerts,
820636,MOTION_ESP32_001,ip_spoofing,True,MEDIUM,MEDIUM,MONITORING,motion,Ward_01,21,ATTACK,0,grouped_alerts,
825680,MOTION_ESP32_001,ip_spoofing,True,MEDIUM,MEDIUM,MONITORING,motion,Ward_01,21,ATTACK,0,grouped_alerts,
830730,MOTION_ESP32_001,ip_spoofing,True,MEDIUM,MEDIUM,MONITORING,motion,Ward_01,21,ATTACK,0,grouped_alerts,
885907,MOTION_ESP32_001,data_tampering,True,HIGH,HIGH,TEMPORARY ISOLATION,motion,Ward_01,22,ATTACK,0,grouped_alerts,
890937,MOTION_ESP32_001,data_tampering,True,HIGH,HIGH,TEMPORARY ISOLATION,motion,Ward_01,22,ATTACK,0,grouped_alerts,
895982,MOTION_ESP32_001,data_tampering,True,HIGH,HIGH,TEMPORARY ISOLATION,motion,Ward_01,22,ATTACK,0,grouped_alerts,
900984,MOTION_ESP32_001,data_tampering,True,HIGH,HIGH,TEMPORARY ISOLATION,motion,Ward_01,22,ATTACK,0,grouped_alerts,
906020,MOTION_ESP32_001,data_tampering,True,HIGH,HIGH,TEMPORARY ISOLATION,motion,Ward_01,22,ATTACK,0,grouped_alerts,
911022,MOTION_ESP32_001,data_tampering,True,HIGH,HIGH,TEMPORARY ISOLATION,motion,Ward_01,22,ATTACK,0,grouped_alerts,
916108,MOTION_ESP32_001,data_tampering,True,HIGH,HIGH,TEMPORARY ISOLATION,motion,Ward_01,22,ATTACK,0,grouped_alerts,
921148,MOTION_ESP32_001,data_tampering,True,HIGH,HIGH,TEMPORARY ISOLATION,motion,Ward_01,22,ATTACK,0,grouped_alerts,
926147,MOTION_ESP32_001,data_tampering,True,HIGH,HIGH,TEMPORARY ISOLATION,motion,Ward_01,22,ATTACK,0,grouped_alerts,
931207,MOTION_ESP32_001,data_tampering,True,HIGH,HIGH,TEMPORARY ISOLATION,motion,Ward_01,22,ATTACK,0,grouped_alerts,
936254,MOTION_ESP32_001,data_tampering,True,HIGH,HIGH,TEMPORARY ISOLATION,motion,Ward_01,22,ATTACK,0,grouped_alerts,
941261,MOTION_ESP32_001,data_tampering,True,HIGH,HIGH,TEMPORARY ISOLATION,motion,Ward_01,22,ATTACK,0,grouped_alerts,
946261,MOTION_ESP32_001,data_tampering,True,HIGH,HIGH,TEMPORARY ISOLATION,motion,Ward_01,22,ATTACK,0,grouped_alerts,
951317,MOTION_ESP32_001,data_tampering,True,HIGH,HIGH,TEMPORARY ISOLATION,motion,Ward_01,22,ATTACK,0,grouped_alerts,
956327,MOTION_ESP32_001,data_tampering,True,HIGH,HIGH,TEMPORARY ISOLATION,motion,Ward_01,22,ATTACK,0,grouped_alerts,
986444,MOTION_547,ddos,True,HIGH,HIGH,TEMPORARY ISOLATION,motion,Ward_01,23,ATTACK,0,grouped_alerts,
986474,MOTION_233,ddos,True,HIGH,HIGH,TEMPORARY ISOLATION,motion,Ward_01,23,ATTACK,0,grouped_alerts,
986504,MOTION_465,ddos,True,HIGH,HIGH,TEMPORARY ISOLATION,motion,Ward_01,23,ATTACK,0,grouped_alerts,
986534,MOTION_427,ddos,True,HIGH,HIGH,TEMPORARY ISOLATION,motion,Ward_01,23,ATTACK,0,grouped_alerts,
986564,MOTION_711,ddos,True,HIGH,HIGH,TEMPORARY ISOLATION,motion,Ward_01,23,ATTACK,0,grouped_alerts,
986594,MOTION_172,ddos,True,HIGH,HIGH,TEMPORARY ISOLATION,motion,Ward_01,23,ATTACK,0,grouped_alerts,
986624,MOTION_284,ddos,True,HIGH,HIGH,TEMPORARY ISOLATION,motion,Ward_01,23,ATTACK,0,grouped_alerts,
986654,MOTION_356,ddos,True,HIGH,HIGH,TEMPORARY ISOLATION,motion,Ward_01,23,ATTACK,0,grouped_alerts,
986684,MOTION_568,ddos,True,HIGH,HIGH,TEMPORARY ISOLATION,motion,Ward_01,23,ATTACK,0,grouped_alerts,
986714,MOTION_959,ddos,True,HIGH,HIGH,TEMPORARY ISOLATION,motion,Ward_01,23,ATTACK,0,grouped_alerts,
986744,MOTION_269,ddos,True,HIGH,HIGH,TEMPORARY ISOLATION,motion,Ward_01,23,ATTACK,0,grouped_alerts,
986774,MOTION_779,ddos,True,HIGH,HIGH,TEMPORARY ISOLATION,motion,Ward_01,23,ATTACK,0,grouped_alerts,
986804,MOTION_118,ddos,True,HIGH,HIGH,TEMPORARY ISOLATION,motion,Ward_01,23,ATTACK,0,grouped_alerts,
986834,MOTION_206,ddos,True,HIGH,HIGH,TEMPORARY ISOLATION,motion,Ward_01,23,ATTACK,0,grouped_alerts,
986864,MOTION_283,ddos,True,HIGH,HIGH,TEMPORARY ISOLATION,motion,Ward_01,23,ATTACK,0,grouped_alerts,
986894,MOTION_468,ddos,True,HIGH,HIGH,TEMPORARY ISOLATION,motion,Ward_01,23,ATTACK,0,grouped_alerts,
986924,MOTION_536,ddos,True,HIGH,HIGH,TEMPORARY ISOLATION,motion,Ward_01,23,ATTACK,0,grouped_alerts,
986954,MOTION_345,ddos,True,HIGH,HIGH,TEMPORARY ISOLATION,motion,Ward_01,23,ATTACK,0,grouped_alerts,
986984,MOTION_666,ddos,True,HIGH,HIGH,TEMPORARY ISOLATION,motion,Ward_01,23,ATTACK,0,grouped_alerts,
987014,MOTION_406,ddos,True,HIGH,HIGH,TEMPORARY ISOLATION,motion,Ward_01,23,ATTACK,0,grouped_alerts,
1184459,ECG_ESP32_001,sensor_spoofing,True,HIGH,HIGH,TEMPORARY ISOLATION,ecg,Ward_02,24,ATTACK,0,grouped_alerts,
1186463,ECG_ESP32_001,sensor_spoofing,True,HIGH,HIGH,TEMPORARY ISOLATION,ecg,Ward_02,24,ATTACK,0,grouped_alerts,
1188484,ECG_ESP32_001,sensor_spoofing,True,HIGH,HIGH,TEMPORARY ISOLATION,ecg,Ward_02,24,ATTACK,0,grouped_alerts,
1190505,ECG_ESP32_001,sensor_spoofing,True,HIGH,HIGH,TEMPORARY ISOLATION,ecg,Ward_02,24,ATTACK,0,grouped_alerts,
1192538,ECG_ESP32_001,sensor_spoofing,True,HIGH,HIGH,TEMPORARY ISOLATION,ecg,Ward_02,24,ATTACK,0,grouped_alerts,
1194558,ECG_ESP32_001,sensor_spoofing,True,HIGH,HIGH,TEMPORARY ISOLATION,ecg,Ward_02,24,ATTACK,0,grouped_alerts,
1196561,ECG_ESP32_001,sensor_spoofing,True,HIGH,HIGH,TEMPORARY ISOLATION,ecg,Ward_02,24,ATTACK,0,grouped_alerts,
1198588,ECG_ESP32_001,sensor_spoofing,True,HIGH,HIGH,TEMPORARY ISOLATION,ecg,Ward_02,24,ATTACK,0,grouped_alerts,
1200622,ECG_ESP32_001,sensor_spoofing,True,HIGH,HIGH,TEMPORARY ISOLATION,ecg,Ward_02,24,ATTACK,0,grouped_alerts,
1202631,ECG_ESP32_001,sensor_spoofing,True,HIGH,HIGH,TEMPORARY ISOLATION,ecg,Ward_02,24,ATTACK,0,grouped_alerts,
1204661,ECG_ESP32_001,sensor_spoofing,True,HIGH,HIGH,TEMPORARY ISOLATION,ecg,Ward_02,24,ATTACK,0,grouped_alerts,
1206666,ECG_ESP32_001,sensor_spoofing,True,HIGH,HIGH,TEMPORARY ISOLATION,ecg,Ward_02,24,ATTACK,0,grouped_alerts,
1208698,ECG_ESP32_001,sensor_spoofing,True,HIGH,HIGH,TEMPORARY ISOLATION,ecg,Ward_02,24,ATTACK,0,grouped_alerts,
1210710,ECG_ESP32_001,sensor_spoofing,True,HIGH,HIGH,TEMPORARY ISOLATION,ecg,Ward_02,24,ATTACK,0,grouped_alerts,
1212724,ECG_ESP32_001,sensor_spoofing,True,HIGH,HIGH,TEMPORARY ISOLATION,ecg,Ward_02,24,ATTACK,0,grouped_alerts,
1214744,ECG_ESP32_001,sensor_spoofing,True,HIGH,HIGH,TEMPORARY ISOLATION,ecg,Ward_02,24,ATTACK,0,grouped_alerts,
1216750,ECG_ESP32_001,sensor_spoofing,True,HIGH,HIGH,TEMPORARY ISOLATION,ecg,Ward_02,24,ATTACK,0,grouped_alerts,
1218778,ECG_ESP32_001,sensor_spoofing,True,HIGH,HIGH,TEMPORARY ISOLATION,ecg,Ward_02,24,ATTACK,0,grouped_alerts,
1220783,ECG_ESP32_001,sensor_spoofing,True,HIGH,HIGH,TEMPORARY ISOLATION,ecg,Ward_02,24,ATTACK,0,grouped_alerts,
1222799,ECG_ESP32_001,sensor_spoofing,True,HIGH,HIGH,TEMPORARY ISOLATION,ecg,Ward_02,24,ATTACK,0,grouped_alerts,
1265197,ECG_ESP32_001,mqtt_port_manipulation,True,HIGH,HIGH,TEMPORARY ISOLATION,ecg,Ward_02,25,ATTACK,0,grouped_alerts,
1267221,ECG_ESP32_001,mqtt_port_manipulation,True,HIGH,HIGH,TEMPORARY ISOLATION,ecg,Ward_02,25,ATTACK,0,grouped_alerts,
1269222,ECG_ESP32_001,mqtt_port_manipulation,True,HIGH,HIGH,TEMPORARY ISOLATION,ecg,Ward_02,25,ATTACK,0,grouped_alerts,
1271237,ECG_ESP32_001,mqtt_port_manipulation,True,HIGH,HIGH,TEMPORARY ISOLATION,ecg,Ward_02,25,ATTACK,0,grouped_alerts,
1273245,ECG_ESP32_001,mqtt_port_manipulation,True,HIGH,HIGH,TEMPORARY ISOLATION,ecg,Ward_02,25,ATTACK,0,grouped_alerts,
1275247,ECG_ESP32_001,mqtt_port_manipulation,True,HIGH,HIGH,TEMPORARY ISOLATION,ecg,Ward_02,25,ATTACK,0,grouped_alerts,
1277275,ECG_ESP32_001,mqtt_port_manipulation,True,HIGH,HIGH,TEMPORARY ISOLATION,ecg,Ward_02,25,ATTACK,0,grouped_alerts,
1279288,ECG_ESP32_001,mqtt_port_manipulation,True,HIGH,HIGH,TEMPORARY ISOLATION,ecg,Ward_02,25,ATTACK,0,grouped_alerts,
1281289,ECG_ESP32_001,mqtt_port_manipulation,True,HIGH,HIGH,TEMPORARY ISOLATION,ecg,Ward_02,25,ATTACK,0,grouped_alerts,
1283308,ECG_ESP32_001,mqtt_port_manipulation,True,HIGH,HIGH,TEMPORARY ISOLATION,ecg,Ward_02,25,ATTACK,0,grouped_alerts,
1285344,ECG_ESP32_001,mqtt_port_manipulation,True,HIGH,HIGH,TEMPORARY ISOLATION,ecg,Ward_02,25,ATTACK,0,grouped_alerts,
1287354,ECG_ESP32_001,mqtt_port_manipulation,True,HIGH,HIGH,TEMPORARY ISOLATION,ecg,Ward_02,25,ATTACK,0,grouped_alerts,
1289362,ECG_ESP32_001,mqtt_port_manipulation,True,HIGH,HIGH,TEMPORARY ISOLATION,ecg,Ward_02,25,ATTACK,0,grouped_alerts,
1291366,ECG_ESP32_001,mqtt_port_manipulation,True,HIGH,HIGH,TEMPORARY ISOLATION,ecg,Ward_02,25,ATTACK,0,grouped_alerts,
1293393,ECG_ESP32_001,mqtt_port_manipulation,True,HIGH,HIGH,TEMPORARY ISOLATION,ecg,Ward_02,25,ATTACK,0,grouped_alerts,
1295419,ECG_ESP32_001,mqtt_port_manipulation,True,HIGH,HIGH,TEMPORARY ISOLATION,ecg,Ward_02,25,ATTACK,0,grouped_alerts,
1297426,ECG_ESP32_001,mqtt_port_manipulation,True,HIGH,HIGH,TEMPORARY ISOLATION,ecg,Ward_02,25,ATTACK,0,grouped_alerts,
1299462,ECG_ESP32_001,mqtt_port_manipulation,True,HIGH,HIGH,TEMPORARY ISOLATION,ecg,Ward_02,25,ATTACK,0,grouped_alerts,
1301489,ECG_ESP32_001,mqtt_port_manipulation,True,HIGH,HIGH,TEMPORARY ISOLATION,ecg,Ward_02,25,ATTACK,0,grouped_alerts,
1303507,ECG_ESP32_001,mqtt_port_manipulation,True,HIGH,HIGH,TEMPORARY ISOLATION,ecg,Ward_02,25,ATTACK,0,grouped_alerts,
1345898,UNKNOWN_DEVICE,device_identity_spoofing,True,HIGH,HIGH,TEMPORARY ISOLATION,ecg,Ward_02,26,ATTACK,0,grouped_alerts,
1347924,UNKNOWN_DEVICE,device_identity_spoofing,True,HIGH,HIGH,TEMPORARY ISOLATION,ecg,Ward_02,26,ATTACK,0,grouped_alerts,
1349927,CLONE_AD8232,device_identity_spoofing,True,HIGH,HIGH,TEMPORARY ISOLATION,ecg,Ward_02,26,ATTACK,0,grouped_alerts,
1351957,GHOST_ECG,device_identity_spoofing,True,HIGH,HIGH,TEMPORARY ISOLATION,ecg,Ward_02,26,ATTACK,0,grouped_alerts,
1353977,ROGUE_ECG_001,device_identity_spoofing,True,HIGH,HIGH,TEMPORARY ISOLATION,ecg,Ward_02,26,ATTACK,0,grouped_alerts,
1355985,CLONE_AD8232,device_identity_spoofing,True,HIGH,HIGH,TEMPORARY ISOLATION,ecg,Ward_02,26,ATTACK,0,grouped_alerts,
1358001,UNKNOWN_DEVICE,device_identity_spoofing,True,HIGH,HIGH,TEMPORARY ISOLATION,ecg,Ward_02,26,ATTACK,0,grouped_alerts,
1360026,GHOST_ECG,device_identity_spoofing,True,HIGH,HIGH,TEMPORARY ISOLATION,ecg,Ward_02,26,ATTACK,0,grouped_alerts,
1362044,GHOST_ECG,device_identity_spoofing,True,HIGH,HIGH,TEMPORARY ISOLATION,ecg,Ward_02,26,ATTACK,0,grouped_alerts,
1364048,ROGUE_ECG_001,device_identity_spoofing,True,HIGH,HIGH,TEMPORARY ISOLATION,ecg,Ward_02,26,ATTACK,0,grouped_alerts,
1366056,CLONE_AD8232,device_identity_spoofing,True,HIGH,HIGH,TEMPORARY ISOLATION,ecg,Ward_02,26,ATTACK,0,grouped_alerts,
1368076,CLONE_AD8232,device_identity_spoofing,True,HIGH,HIGH,TEMPORARY ISOLATION,ecg,Ward_02,26,ATTACK,0,grouped_alerts,
1370101,GHOST_ECG,device_identity_spoofing,True,HIGH,HIGH,TEMPORARY ISOLATION,ecg,Ward_02,26,ATTACK,0,grouped_alerts,
1372115,UNKNOWN_DEVICE,device_identity_spoofing,True,HIGH,HIGH,TEMPORARY ISOLATION,ecg,Ward_02,26,ATTACK,0,grouped_alerts,
1374131,GHOST_ECG,device_identity_spoofing,True,HIGH,HIGH,TEMPORARY ISOLATION,ecg,Ward_02,26,ATTACK,0,grouped_alerts,
1376145,GHOST_ECG,device_identity_spoofing,True,HIGH,HIGH,TEMPORARY ISOLATION,ecg,Ward_02,26,ATTACK,0,grouped_alerts,
1378159,UNKNOWN_DEVICE,device_identity_spoofing,True,HIGH,HIGH,TEMPORARY ISOLATION,ecg,Ward_02,26,ATTACK,0,grouped_alerts,
1380191,ROGUE_ECG_001,device_identity_spoofing,True,HIGH,HIGH,TEMPORARY ISOLATION,ecg,Ward_02,26,ATTACK,0,grouped_alerts,
1382213,ROGUE_ECG_001,device_identity_spoofing,True,HIGH,HIGH,TEMPORARY ISOLATION,ecg,Ward_02,26,ATTACK,0,grouped_alerts,
1384218,CLONE_AD8232,device_identity_spoofing,True,HIGH,HIGH,TEMPORARY ISOLATION,ecg,Ward_02,26,ATTACK,0,grouped_alerts,
1446829,ECG_ESP32_001,protocol_anomaly,True,HIGH,HIGH,TEMPORARY ISOLATION,ecg,Ward_02,27,ATTACK,0,grouped_alerts,
1448836,ECG_ESP32_001,protocol_anomaly,True,HIGH,HIGH,TEMPORARY ISOLATION,ecg,Ward_02,27,ATTACK,0,grouped_alerts,
1450870,ECG_ESP32_001,protocol_anomaly,True,HIGH,HIGH,TEMPORARY ISOLATION,ecg,Ward_02,27,ATTACK,0,grouped_alerts,
1452889,ECG_ESP32_001,protocol_anomaly,True,HIGH,HIGH,TEMPORARY ISOLATION,ecg,Ward_02,27,ATTACK,0,grouped_alerts,
1454913,ECG_ESP32_001,protocol_anomaly,True,HIGH,HIGH,TEMPORARY ISOLATION,ecg,Ward_02,27,ATTACK,0,grouped_alerts,
1456942,ECG_ESP32_001,protocol_anomaly,True,HIGH,HIGH,TEMPORARY ISOLATION,ecg,Ward_02,27,ATTACK,0,grouped_alerts,
1458964,ECG_ESP32_001,protocol_anomaly,True,HIGH,HIGH,TEMPORARY ISOLATION,ecg,Ward_02,27,ATTACK,0,grouped_alerts,
1460987,ECG_ESP32_001,protocol_anomaly,True,HIGH,HIGH,TEMPORARY ISOLATION,ecg,Ward_02,27,ATTACK,0,grouped_alerts,
1463011,ECG_ESP32_001,protocol_anomaly,True,HIGH,HIGH,TEMPORARY ISOLATION,ecg,Ward_02,27,ATTACK,0,grouped_alerts,
1465024,ECG_ESP32_001,protocol_anomaly,True,HIGH,HIGH,TEMPORARY ISOLATION,ecg,Ward_02,27,ATTACK,0,grouped_alerts,
1467044,ECG_ESP32_001,protocol_anomaly,True,HIGH,HIGH,TEMPORARY ISOLATION,ecg,Ward_02,27,ATTACK,0,grouped_alerts,
1469065,ECG_ESP32_001,protocol_anomaly,True,HIGH,HIGH,TEMPORARY ISOLATION,ecg,Ward_02,27,ATTACK,0,grouped_alerts,
1471084,ECG_ESP32_001,protocol_anomaly,True,HIGH,HIGH,TEMPORARY ISOLATION,ecg,Ward_02,27,ATTACK,0,grouped_alerts,
1473109,ECG_ESP32_001,protocol_anomaly,True,HIGH,HIGH,TEMPORARY ISOLATION,ecg,Ward_02,27,ATTACK,0,grouped_alerts,
1475122,ECG_ESP32_001,protocol_anomaly,True,HIGH,HIGH,TEMPORARY ISOLATION,ecg,Ward_02,27,ATTACK,0,grouped_alerts,
1477132,ECG_ESP32_001,protocol_anomaly,True,HIGH,HIGH,TEMPORARY ISOLATION,ecg,Ward_02,27,ATTACK,0,grouped_alerts,
1479157,ECG_ESP32_001,protocol_anomaly,True,HIGH,HIGH,TEMPORARY ISOLATION,ecg,Ward_02,27,ATTACK,0,grouped_alerts,
1481187,ECG_ESP32_001,protocol_anomaly,True,HIGH,HIGH,TEMPORARY ISOLATION,ecg,Ward_02,27,ATTACK,0,grouped_alerts,
1483215,ECG_ESP32_001,protocol_anomaly,True,HIGH,HIGH,TEMPORARY ISOLATION,ecg,Ward_02,27,ATTACK,0,grouped_alerts,
1485217,ECG_ESP32_001,protocol_anomaly,True,HIGH,HIGH,TEMPORARY ISOLATION,ecg,Ward_02,27,ATTACK,0,grouped_alerts,
1547734,ECG_ESP32_001,flooding,True,HIGH,HIGH,TEMPORARY ISOLATION,ecg,Ward_02,28,ATTACK,0,grouped_alerts,
1547784,ECG_ESP32_001,flooding,True,HIGH,HIGH,TEMPORARY ISOLATION,ecg,Ward_02,28,ATTACK,0,grouped_alerts,
1547834,ECG_ESP32_001,flooding,True,HIGH,HIGH,TEMPORARY ISOLATION,ecg,Ward_02,28,ATTACK,0,grouped_alerts,
1547884,ECG_ESP32_001,flooding,True,HIGH,HIGH,TEMPORARY ISOLATION,ecg,Ward_02,28,ATTACK,0,grouped_alerts,
1547934,ECG_ESP32_001,flooding,True,HIGH,HIGH,TEMPORARY ISOLATION,ecg,Ward_02,28,ATTACK,0,grouped_alerts,
1547984,ECG_ESP32_001,flooding,True,HIGH,HIGH,TEMPORARY ISOLATION,ecg,Ward_02,28,ATTACK,0,grouped_alerts,
1548034,ECG_ESP32_001,flooding,True,HIGH,HIGH,TEMPORARY ISOLATION,ecg,Ward_02,28,ATTACK,0,grouped_alerts,
1548084,ECG_ESP32_001,flooding,True,HIGH,HIGH,TEMPORARY ISOLATION,ecg,Ward_02,28,ATTACK,0,grouped_alerts,
1548134,ECG_ESP32_001,flooding,True,HIGH,HIGH,TEMPORARY ISOLATION,ecg,Ward_02,28,ATTACK,0,grouped_alerts,
1548184,ECG_ESP32_001,flooding,True,HIGH,HIGH,TEMPORARY ISOLATION,ecg,Ward_02,28,ATTACK,0,grouped_alerts,
1548234,ECG_ESP32_001,flooding,True,HIGH,HIGH,TEMPORARY ISOLATION,ecg,Ward_02,28,ATTACK,0,grouped_alerts,
1548284,ECG_ESP32_001,flooding,True,HIGH,HIGH,TEMPORARY ISOLATION,ecg,Ward_02,28,ATTACK,0,grouped_alerts,
1548334,ECG_ESP32_001,flooding,True,HIGH,HIGH,TEMPORARY ISOLATION,ecg,Ward_02,28,ATTACK,0,grouped_alerts,
1548384,ECG_ESP32_001,flooding,True,HIGH,HIGH,TEMPORARY ISOLATION,ecg,Ward_02,28,ATTACK,0,grouped_alerts,
1548434,ECG_ESP32_001,flooding,True,HIGH,HIGH,TEMPORARY ISOLATION,ecg,Ward_02,28,ATTACK,0,grouped_alerts,
1548484,ECG_ESP32_001,flooding,True,HIGH,HIGH,TEMPORARY ISOLATION,ecg,Ward_02,28,ATTACK,0,grouped_alerts,
1548534,ECG_ESP32_001,flooding,True,HIGH,HIGH,TEMPORARY ISOLATION,ecg,Ward_02,28,ATTACK,0,grouped_alerts,
1548584,ECG_ESP32_001,flooding,True,HIGH,HIGH,TEMPORARY ISOLATION,ecg,Ward_02,28,ATTACK,0,grouped_alerts,
1548634,ECG_ESP32_001,flooding,True,HIGH,HIGH,TEMPORARY ISOLATION,ecg,Ward_02,28,ATTACK,0,grouped_alerts,
1548684,ECG_ESP32_001,flooding,True,HIGH,HIGH,TEMPORARY ISOLATION,ecg,Ward_02,28,ATTACK,0,grouped_alerts,
1548734,ECG_ESP32_001,flooding,True,HIGH,HIGH,TEMPORARY ISOLATION,ecg,Ward_02,28,ATTACK,0,grouped_alerts,
1548784,ECG_ESP32_001,flooding,True,HIGH,HIGH,TEMPORARY ISOLATION,ecg,Ward_02,28,ATTACK,0,grouped_alerts,
1548834,ECG_ESP32_001,flooding,True,HIGH,HIGH,TEMPORARY ISOLATION,ecg,Ward_02,28,ATTACK,0,grouped_alerts,
1548884,ECG_ESP32_001,flooding,True,HIGH,HIGH,TEMPORARY ISOLATION,ecg,Ward_02,28,ATTACK,0,grouped_alerts,
1548934,ECG_ESP32_001,flooding,True,HIGH,HIGH,TEMPORARY ISOLATION,ecg,Ward_02,28,ATTACK,0,grouped_alerts,
1599485,ECG_ESP32_001,ip_spoofing,True,HIGH,HIGH,TEMPORARY ISOLATION,ecg,Ward_02,29,ATTACK,0,grouped_alerts,
1601488,ECG_ESP32_001,ip_spoofing,True,HIGH,HIGH,TEMPORARY ISOLATION,ecg,Ward_02,29,ATTACK,0,grouped_alerts,
1603506,ECG_ESP32_001,ip_spoofing,True,HIGH,HIGH,TEMPORARY ISOLATION,ecg,Ward_02,29,ATTACK,0,grouped_alerts,
1605511,ECG_ESP32_001,ip_spoofing,True,HIGH,HIGH,TEMPORARY ISOLATION,ecg,Ward_02,29,ATTACK,0,grouped_alerts,
1607547,ECG_ESP32_001,ip_spoofing,True,HIGH,HIGH,TEMPORARY ISOLATION,ecg,Ward_02,29,ATTACK,0,grouped_alerts,
1609554,ECG_ESP32_001,ip_spoofing,True,HIGH,HIGH,TEMPORARY ISOLATION,ecg,Ward_02,29,ATTACK,0,grouped_alerts,
1611579,ECG_ESP32_001,ip_spoofing,True,HIGH,HIGH,TEMPORARY ISOLATION,ecg,Ward_02,29,ATTACK,0,grouped_alerts,
1613612,ECG_ESP32_001,ip_spoofing,True,HIGH,HIGH,TEMPORARY ISOLATION,ecg,Ward_02,29,ATTACK,0,grouped_alerts,
1615642,ECG_ESP32_001,ip_spoofing,True,HIGH,HIGH,TEMPORARY ISOLATION,ecg,Ward_02,29,ATTACK,0,grouped_alerts,
1617654,ECG_ESP32_001,ip_spoofing,True,HIGH,HIGH,TEMPORARY ISOLATION,ecg,Ward_02,29,ATTACK,0,grouped_alerts,
1619663,ECG_ESP32_001,ip_spoofing,True,HIGH,HIGH,TEMPORARY ISOLATION,ecg,Ward_02,29,ATTACK,0,grouped_alerts,
1621666,ECG_ESP32_001,ip_spoofing,True,HIGH,HIGH,TEMPORARY ISOLATION,ecg,Ward_02,29,ATTACK,0,grouped_alerts,
1623670,ECG_ESP32_001,ip_spoofing,True,HIGH,HIGH,TEMPORARY ISOLATION,ecg,Ward_02,29,ATTACK,0,grouped_alerts,
1625677,ECG_ESP32_001,ip_spoofing,True,HIGH,HIGH,TEMPORARY ISOLATION,ecg,Ward_02,29,ATTACK,0,grouped_alerts,
1627700,ECG_ESP32_001,ip_spoofing,True,HIGH,HIGH,TEMPORARY ISOLATION,ecg,Ward_02,29,ATTACK,0,grouped_alerts,
1629735,ECG_ESP32_001,ip_spoofing,True,HIGH,HIGH,TEMPORARY ISOLATION,ecg,Ward_02,29,ATTACK,0,grouped_alerts,
1631746,ECG_ESP32_001,ip_spoofing,True,HIGH,HIGH,TEMPORARY ISOLATION,ecg,Ward_02,29,ATTACK,0,grouped_alerts,
1633763,ECG_ESP32_001,ip_spoofing,True,HIGH,HIGH,TEMPORARY ISOLATION,ecg,Ward_02,29,ATTACK,0,grouped_alerts,
1635782,ECG_ESP32_001,ip_spoofing,True,HIGH,HIGH,TEMPORARY ISOLATION,ecg,Ward_02,29,ATTACK,0,grouped_alerts,
1637810,ECG_ESP32_001,ip_spoofing,True,HIGH,HIGH,TEMPORARY ISOLATION,ecg,Ward_02,29,ATTACK,0,grouped_alerts,
1680188,ECG_ESP32_001,data_tampering,True,HIGH,HIGH,TEMPORARY ISOLATION,ecg,Ward_02,30,ATTACK,0,grouped_alerts,
1682202,ECG_ESP32_001,data_tampering,True,HIGH,HIGH,TEMPORARY ISOLATION,ecg,Ward_02,30,ATTACK,0,grouped_alerts,
1684233,ECG_ESP32_001,data_tampering,True,HIGH,HIGH,TEMPORARY ISOLATION,ecg,Ward_02,30,ATTACK,0,grouped_alerts,
1686268,ECG_ESP32_001,data_tampering,True,HIGH,HIGH,TEMPORARY ISOLATION,ecg,Ward_02,30,ATTACK,0,grouped_alerts,
1688294,ECG_ESP32_001,data_tampering,True,HIGH,HIGH,TEMPORARY ISOLATION,ecg,Ward_02,30,ATTACK,0,grouped_alerts,
1690323,ECG_ESP32_001,data_tampering,True,HIGH,HIGH,TEMPORARY ISOLATION,ecg,Ward_02,30,ATTACK,0,grouped_alerts,
1692349,ECG_ESP32_001,data_tampering,True,HIGH,HIGH,TEMPORARY ISOLATION,ecg,Ward_02,30,ATTACK,0,grouped_alerts,
1694370,ECG_ESP32_001,data_tampering,True,HIGH,HIGH,TEMPORARY ISOLATION,ecg,Ward_02,30,ATTACK,0,grouped_alerts,
1696400,ECG_ESP32_001,data_tampering,True,HIGH,HIGH,TEMPORARY ISOLATION,ecg,Ward_02,30,ATTACK,0,grouped_alerts,
1698414,ECG_ESP32_001,data_tampering,True,HIGH,HIGH,TEMPORARY ISOLATION,ecg,Ward_02,30,ATTACK,0,grouped_alerts,
1700438,ECG_ESP32_001,data_tampering,True,HIGH,HIGH,TEMPORARY ISOLATION,ecg,Ward_02,30,ATTACK,0,grouped_alerts,
1702471,ECG_ESP32_001,data_tampering,True,HIGH,HIGH,TEMPORARY ISOLATION,ecg,Ward_02,30,ATTACK,0,grouped_alerts,
1704503,ECG_ESP32_001,data_tampering,True,HIGH,HIGH,TEMPORARY ISOLATION,ecg,Ward_02,30,ATTACK,0,grouped_alerts,
1706532,ECG_ESP32_001,data_tampering,True,HIGH,HIGH,TEMPORARY ISOLATION,ecg,Ward_02,30,ATTACK,0,grouped_alerts,
1708566,ECG_ESP32_001,data_tampering,True,HIGH,HIGH,TEMPORARY ISOLATION,ecg,Ward_02,30,ATTACK,0,grouped_alerts,
1710571,ECG_ESP32_001,data_tampering,True,HIGH,HIGH,TEMPORARY ISOLATION,ecg,Ward_02,30,ATTACK,0,grouped_alerts,
1712604,ECG_ESP32_001,data_tampering,True,HIGH,HIGH,TEMPORARY ISOLATION,ecg,Ward_02,30,ATTACK,0,grouped_alerts,
1714634,ECG_ESP32_001,data_tampering,True,HIGH,HIGH,TEMPORARY ISOLATION,ecg,Ward_02,30,ATTACK,0,grouped_alerts,
1716670,ECG_ESP32_001,data_tampering,True,HIGH,HIGH,TEMPORARY ISOLATION,ecg,Ward_02,30,ATTACK,0,grouped_alerts,
1718691,ECG_ESP32_001,data_tampering,True,HIGH,HIGH,TEMPORARY ISOLATION,ecg,Ward_02,30,ATTACK,0,grouped_alerts,
1781188,ECG_363,ddos,True,CRITICAL,CRITICAL,PERMANENT QUARANTINE,ecg,Ward_02,31,ATTACK,0,grouped_alerts,
1781218,ECG_297,ddos,True,CRITICAL,CRITICAL,PERMANENT QUARANTINE,ecg,Ward_02,31,ATTACK,0,grouped_alerts,
1781248,ECG_640,ddos,True,CRITICAL,CRITICAL,PERMANENT QUARANTINE,ecg,Ward_02,31,ATTACK,0,grouped_alerts,
1781278,ECG_875,ddos,True,CRITICAL,CRITICAL,PERMANENT QUARANTINE,ecg,Ward_02,31,ATTACK,0,grouped_alerts,
1781308,ECG_204,ddos,True,CRITICAL,CRITICAL,PERMANENT QUARANTINE,ecg,Ward_02,31,ATTACK,0,grouped_alerts,
1781338,ECG_981,ddos,True,CRITICAL,CRITICAL,PERMANENT QUARANTINE,ecg,Ward_02,32,ATTACK,0,grouped_alerts,
1781368,ECG_602,ddos,True,CRITICAL,CRITICAL,PERMANENT QUARANTINE,ecg,Ward_02,31,ATTACK,0,grouped_alerts,
1781398,ECG_500,ddos,True,CRITICAL,CRITICAL,PERMANENT QUARANTINE,ecg,Ward_02,31,ATTACK,0,grouped_alerts,
1781428,ECG_288,ddos,True,CRITICAL,CRITICAL,PERMANENT QUARANTINE,ecg,Ward_02,32,ATTACK,0,grouped_alerts,
1781458,ECG_865,ddos,True,CRITICAL,CRITICAL,PERMANENT QUARANTINE,ecg,Ward_02,32,ATTACK,0,grouped_alerts,
1781488,ECG_390,ddos,True,CRITICAL,CRITICAL,PERMANENT QUARANTINE,ecg,Ward_02,31,ATTACK,0,grouped_alerts,
1781518,ECG_954,ddos,True,CRITICAL,CRITICAL,PERMANENT QUARANTINE,ecg,Ward_02,32,ATTACK,0,grouped_alerts,
1781548,ECG_612,ddos,True,CRITICAL,CRITICAL,PERMANENT QUARANTINE,ecg,Ward_02,32,ATTACK,0,grouped_alerts,
1781578,ECG_969,ddos,True,CRITICAL,CRITICAL,PERMANENT QUARANTINE,ecg,Ward_02,31,ATTACK,0,grouped_alerts,
1781608,ECG_538,ddos,True,CRITICAL,CRITICAL,PERMANENT QUARANTINE,ecg,Ward_02,32,ATTACK,0,grouped_alerts,
1781638,ECG_435,ddos,True,CRITICAL,CRITICAL,PERMANENT QUARANTINE,ecg,Ward_02,31,ATTACK,0,grouped_alerts,
1781668,ECG_308,ddos,True,CRITICAL,CRITICAL,PERMANENT QUARANTINE,ecg,Ward_02,32,ATTACK,0,grouped_alerts,
1781698,ECG_704,ddos,True,CRITICAL,CRITICAL,PERMANENT QUARANTINE,ecg,Ward_02,32,ATTACK,0,grouped_alerts,
1781728,ECG_738,ddos,True,CRITICAL,CRITICAL,PERMANENT QUARANTINE,ecg,Ward_02,31,ATTACK,0,grouped_alerts,
1781758,ECG_630,ddos,True,CRITICAL,CRITICAL,PERMANENT QUARANTINE,ecg,Ward_02,32,ATTACK,0,grouped_alerts,
1781788,ECG_182,ddos,True,CRITICAL,CRITICAL,PERMANENT QUARANTINE,ecg,Ward_02,31,ATTACK,0,grouped_alerts,
1781818,ECG_857,ddos,True,CRITICAL,CRITICAL,PERMANENT QUARANTINE,ecg,Ward_02,31,ATTACK,0,grouped_alerts,
1781848,ECG_647,ddos,True,CRITICAL,CRITICAL,PERMANENT QUARANTINE,ecg,Ward_02,31,ATTACK,0,grouped_alerts,
1781878,ECG_948,ddos,True,CRITICAL,CRITICAL,PERMANENT QUARANTINE,ecg,Ward_02,32,ATTACK,0,grouped_alerts,
1781908,ECG_990,ddos,True,CRITICAL,CRITICAL,PERMANENT QUARANTINE,ecg,Ward_02,32,ATTACK,0,grouped_alerts,
1781938,ECG_641,ddos,True,CRITICAL,CRITICAL,PERMANENT QUARANTINE,ecg,Ward_02,32,ATTACK,0,grouped_alerts,
1781968,ECG_748,ddos,True,CRITICAL,CRITICAL,PERMANENT QUARANTINE,ecg,Ward_02,31,ATTACK,0,grouped_alerts,
1781998,ECG_381,ddos,True,CRITICAL,CRITICAL,PERMANENT QUARANTINE,ecg,Ward_02,32,ATTACK,0,grouped_alerts,
1782028,ECG_955,ddos,True,CRITICAL,CRITICAL,PERMANENT QUARANTINE,ecg,Ward_02,31,ATTACK,0,grouped_alerts,
1782058,ECG_210,ddos,True,CRITICAL,CRITICAL,PERMANENT QUARANTINE,ecg,Ward_02,31,ATTACK,0,grouped_alerts,
