timestamp,device_id,device_type,ward,life_support,criticality_tier,protocol,src_ip,dst_port,attack_type,is_attack,sensor_source,priority_label,life_support_int,is_attack_int,device_type_enc,ward_enc,protocol_enc,attack_type_enc,sensor_source_enc,is_icu,is_port_anomaly,is_unknown_device,is_protocol_anomaly,predicted_priority,group_id
103500,TEMP_ESP32_001,ESP32_Temperature_Monitor,General_Ward,False,6,MQTT,10.18.166.210,1883,sensor_spoofing,True,temperature,MEDIUM,0,1,3,0,5,8,3,0,0,0,0,MEDIUM,0
108567,TEMP_ESP32_001,ESP32_Temperature_Monitor,General_Ward,False,6,MQTT,10.18.166.210,1883,sensor_spoofing,True,temperature,MEDIUM,0,1,3,0,5,8,3,0,0,0,0,MEDIUM,0
113574,TEMP_ESP32_001,ESP32_Temperature_Monitor,General_Ward,False,6,MQTT,10.18.166.210,1883,sensor_spoofing,True,temperature,MEDIUM,0,1,3,0,5,8,3,0,0,0,0,MEDIUM,0
118666,TEMP_ESP32_001,ESP32_Temperature_Monitor,General_Ward,False,6,MQTT,10.18.166.210,1883,sensor_spoofing,True,temperature,MEDIUM,0,1,3,0,5,8,3,0,0,0,0,MEDIUM,0
123743,TEMP_ESP32_001,ESP32_Temperature_Monitor,General_Ward,False,6,MQTT,10.18.166.210,1883,sensor_spoofing,True,temperature,MEDIUM,0,1,3,0,5,8,3,0,0,0,0,MEDIUM,0
128808,TEMP_ESP32_001,ESP32_Temperature_Monitor,General_Ward,False,6,MQTT,10.18.166.210,1883,sensor_spoofing,True,temperature,MEDIUM,0,1,3,0,5,8,3,0,0,0,0,MEDIUM,0
133811,TEMP_ESP32_001,ESP32_Temperature_Monitor,General_Ward,False,6,MQTT,10.18.166.210,1883,sensor_spoofing,True,temperature,MEDIUM,0,1,3,0,5,8,3,0,0,0,0,MEDIUM,0
138865,TEMP_ESP32_001,ESP32_Temperature_Monitor,General_Ward,False,6,MQTT,10.18.166.210,1883,sensor_spoofing,True,temperature,MEDIUM,0,1,3,0,5,8,3,0,0,0,0,MEDIUM,0
143877,TEMP_ESP32_001,ESP32_Temperature_Monitor,General_Ward,False,6,MQTT,10.18.166.210,1883,sensor_spoofing,True,temperature,MEDIUM,0,1,3,0,5,8,3,0,0,0,0,MEDIUM,0
148926,TEMP_ESP32_001,ESP32_Temperature_Monitor,General_Ward,False,6,MQTT,10.18.166.210,1883,sensor_spoofing,True,temperature,MEDIUM,0,1,3,0,5,8,3,0,0,0,0,MEDIUM,0
153952,TEMP_ESP32_001,ESP32_Temperature_Monitor,General_Ward,False,6,MQTT,10.18.166.210,1883,sensor_spoofing,True,temperature,MEDIUM,0,1,3,0,5,8,3,0,0,0,0,MEDIUM,0
159034,TEMP_ESP32_001,ESP32_Temperature_Monitor,General_Ward,False,6,MQTT,10.18.166.210,1883,sensor_spoofing,True,temperature,MEDIUM,0,1,3,0,5,8,3,0,0,0,0,MEDIUM,0
164086,TEMP_ESP32_001,ESP32_Temperature_Monitor,General_Ward,False,6,MQTT,10.18.166.210,1883,sensor_spoofing,True,temperature,MEDIUM,0,1,3,0,5,8,3,0,0,0,0,MEDIUM,0
169175,TEMP_ESP32_001,ESP32_Temperature_Monitor,General_Ward,False,6,MQTT,10.18.166.210,1883,sensor_spoofing,True,temperature,MEDIUM,0,1,3,0,5,8,3,0,0,0,0,MEDIUM,0
174270,TEMP_ESP32_001,ESP32_Temperature_Monitor,General_Ward,False,6,MQTT,10.18.166.210,1883,sensor_spoofing,True,temperature,MEDIUM,0,1,3,0,5,8,3,0,0,0,0,MEDIUM,0
254777,TEMP_ESP32_001,ESP32_Temperature_Monitor,General_Ward,False,6,MQTT,10.18.166.210,8883,mqtt_port_manipulation,True,temperature,MEDIUM,0,1,3,0,5,5,3,0,1,0,0,MEDIUM,1
259825,TEMP_ESP32_001,ESP32_Temperature_Monitor,General_Ward,False,6,MQTT,10.18.166.210,9001,mqtt_port_manipulation,True,temperature,MEDIUM,0,1,3,0,5,5,3,0,1,0,0,MEDIUM,1
264855,TEMP_ESP32_001,ESP32_Temperature_Monitor,General_Ward,False,6,MQTT,10.18.166.210,9001,mqtt_port_manipulation,True,temperature,MEDIUM,0,1,3,0,5,5,3,0,1,0,0,MEDIUM,1
269884,TEMP_ESP32_001,ESP32_Temperature_Monitor,General_Ward,False,6,MQTT,10.18.166.210,9001,mqtt_port_manipulation,True,temperature,MEDIUM,0,1,3,0,5,5,3,0,1,0,0,MEDIUM,1
274973,TEMP_ESP32_001,ESP32_Temperature_Monitor,General_Ward,False,6,MQTT,10.18.166.210,6666,mqtt_port_manipulation,True,temperature,MEDIUM,0,1,3,0,5,5,3,0,1,0,0,MEDIUM,1
280065,TEMP_ESP32_001,ESP32_Temperature_Monitor,General_Ward,False,6,MQTT,10.18.166.210,4444,mqtt_port_manipulation,True,temperature,MEDIUM,0,1,3,0,5,5,3,0,1,0,0,MEDIUM,1
285122,TEMP_ESP32_001,ESP32_Temperature_Monitor,General_Ward,False,6,MQTT,10.18.166.210,9001,mqtt_port_manipulation,True,temperature,MEDIUM,0,1,3,0,5,5,3,0,1,0,0,MEDIUM,1
290176,TEMP_ESP32_001,ESP32_Temperature_Monitor,General_Ward,False,6,MQTT,10.18.166.210,9001,mqtt_port_manipulation,True,temperature,MEDIUM,0,1,3,0,5,5,3,0,1,0,0,MEDIUM,1
295214,TEMP_ESP32_001,ESP32_Temperature_Monitor,General_Ward,False,6,MQTT,10.18.166.210,6666,mqtt_port_manipulation,True,temperature,MEDIUM,0,1,3,0,5,5,3,0,1,0,0,MEDIUM,1
300283,TEMP_ESP32_001,ESP32_Temperature_Monitor,General_Ward,False,6,MQTT,10.18.166.210,8883,mqtt_port_manipulation,True,temperature,MEDIUM,0,1,3,0,5,5,3,0,1,0,0,MEDIUM,1
305316,TEMP_ESP32_001,ESP32_Temperature_Monitor,General_Ward,False,6,MQTT,10.18.166.210,6666,mqtt_port_manipulation,True,temperature,MEDIUM,0,1,3,0,5,5,3,0,1,0,0,MEDIUM,1
310369,TEMP_ESP32_001,ESP32_Temperature_Monitor,General_Ward,False,6,MQTT,10.18.166.210,8883,mqtt_port_manipulation,True,temperature,MEDIUM,0,1,3,0,5,5,3,0,1,0,0,MEDIUM,1
315456,TEMP_ESP32_001,ESP32_Temperature_Monitor,General_Ward,False,6,MQTT,10.18.166.210,6666,mqtt_port_manipulation,True,temperature,MEDIUM,0,1,3,0,5,5,3,0,1,0,0,MEDIUM,1
320500,TEMP_ESP32_001,ESP32_Temperature_Monitor,General_Ward,False,6,MQTT,10.18.166.210,9001,mqtt_port_manipulation,True,temperature,MEDIUM,0,1,3,0,5,5,3,0,1,0,0,MEDIUM,1
325586,TEMP_ESP32_001,ESP32_Temperature_Monitor,General_Ward,False,6,MQTT,10.18.166.210,6666,mqtt_port_manipulation,True,temperature,MEDIUM,0,1,3,0,5,5,3,0,1,0,0,MEDIUM,1
406559,ROGUE_TEMP_001,ESP32_Temperature_Monitor,General_Ward,False,6,MQTT,10.18.166.210,1883,device_identity_spoofing,True,temperature,HIGH,0,1,3,0,5,2,3,0,0,1,0,HIGH,2
411596,FAKE_ESP32,ESP32_Temperature_Monitor,General_Ward,False,6,MQTT,10.18.166.210,1883,device_identity_spoofing,True,temperature,HIGH,0,1,3,0,5,2,3,0,0,1,0,HIGH,2
416610,UNKNOWN_DEVICE,ESP32_Temperature_Monitor,General_Ward,False,6,MQTT,10.18.166.210,1883,device_identity_spoofing,True,temperature,HIGH,0,1,3,0,5,2,3,0,0,1,0,HIGH,2
421615,FAKE_ESP32,ESP32_Temperature_Monitor,General_Ward,False,6,MQTT,10.18.166.210,1883,device_identity_spoofing,True,temperature,HIGH,0,1,3,0,5,2,3,0,0,1,0,HIGH,2
426663,TEMP_CLONE,ESP32_Temperature_Monitor,General_Ward,False,6,MQTT,10.18.166.210,1883,device_identity_spoofing,True,temperature,HIGH,0,1,3,0,5,2,3,0,0,1,0,HIGH,2
431676,FAKE_ESP32,ESP32_Temperature_Monitor,General_Ward,False,6,MQTT,10.18.166.210,1883,device_identity_spoofing,True,temperature,HIGH,0,1,3,0,5,2,3,0,0,1,0,HIGH,2
436699,ROGUE_TEMP_001,ESP32_Temperature_Monitor,General_Ward,False,6,MQTT,10.18.166.210,1883,device_identity_spoofing,True,temperature,HIGH,0,1,3,0,5,2,3,0,0,1,0,HIGH,2
441716,TEMP_CLONE,ESP32_Temperature_Monitor,General_Ward,False,6,MQTT,10.18.166.210,1883,device_identity_spoofing,True,temperature,HIGH,0,1,3,0,5,2,3,0,0,1,0,HIGH,2
446805,ROGUE_TEMP_001,ESP32_Temperature_Monitor,General_Ward,False,6,MQTT,10.18.166.210,1883,device_identity_spoofing,True,temperature,HIGH,0,1,3,0,5,2,3,0,0,1,0,HIGH,2
451897,FAKE_ESP32,ESP32_Temperature_Monitor,General_Ward,False,6,MQTT,10.18.166.210,1883,device_identity_spoofing,True,temperature,HIGH,0,1,3,0,5,2,3,0,0,1,0,HIGH,2
456924,TEMP_CLONE,ESP32_Temperature_Monitor,General_Ward,False,6,MQTT,10.18.166.210,1883,device_identity_spoofing,True,temperature,HIGH,0,1,3,0,5,2,3,0,0,1,0,HIGH,2
462014,TEMP_CLONE,ESP32_Temperature_Monitor,General_Ward,False,6,MQTT,10.18.166.210,1883,device_identity_spoofing,True,temperature,HIGH,0,1,3,0,5,2,3,0,0,1,0,HIGH,2
467076,ROGUE_TEMP_001,ESP32_Temperature_Monitor,General_Ward,False,6,MQTT,10.18.166.210,1883,device_identity_spoofing,True,temperature,HIGH,0,1,3,0,5,2,3,0,0,1,0,HIGH,2
472086,UNKNOWN_DEVICE,ESP32_Temperature_Monitor,General_Ward,False,6,MQTT,10.18.166.210,1883,device_identity_spoofing,True,temperature,HIGH,0,1,3,0,5,2,3,0,0,1,0,HIGH,2
477153,UNKNOWN_DEVICE,ESP32_Temperature_Monitor,General_Ward,False,6,MQTT,10.18.166.210,1883,device_identity_spoofing,True,temperature,HIGH,0,1,3,0,5,2,3,0,0,1,0,HIGH,2
557987,TEMP_ESP32_001,ESP32_Temperature_Monitor,General_Ward,False,6,HTTPS,10.18.166.210,21,protocol_anomaly,True,temperature,MEDIUM,0,1,3,0,4,7,3,0,1,0,1,MEDIUM,3
563087,TEMP_ESP32_001,ESP32_Temperature_Monitor,General_Ward,False,6,HTTP,10.18.166.210,80,protocol_anomaly,True,temperature,MEDIUM,0,1,3,0,3,7,3,0,1,0,1,MEDIUM,3
568156,TEMP_ESP32_001,ESP32_Temperature_Monitor,General_Ward,False,6,HTTPS,10.18.166.210,80,protocol_anomaly,True,temperature,MEDIUM,0,1,3,0,4,7,3,0,1,0,1,MEDIUM,3
573174,TEMP_ESP32_001,ESP32_Temperature_Monitor,General_Ward,False,6,TCP,10.18.166.210,443,protocol_anomaly,True,temperature,MEDIUM,0,1,3,0,7,7,3,0,1,0,1,MEDIUM,3
578240,TEMP_ESP32_001,ESP32_Temperature_Monitor,General_Ward,False,6,HTTPS,10.18.166.210,443,protocol_anomaly,True,temperature,MEDIUM,0,1,3,0,4,7,3,0,1,0,1,MEDIUM,3
583341,TEMP_ESP32_001,ESP32_Temperature_Monitor,General_Ward,False,6,FTP,10.18.166.210,8080,protocol_anomaly,True,temperature,MEDIUM,0,1,3,0,2,7,3,0,1,0,1,MEDIUM,3
588348,TEMP_ESP32_001,ESP32_Temperature_Monitor,General_Ward,False,6,HTTP,10.18.166.210,443,protocol_anomaly,True,temperature,MEDIUM,0,1,3,0,3,7,3,0,1,0,1,MEDIUM,3
593371,TEMP_ESP32_001,ESP32_Temperature_Monitor,General_Ward,False,6,HTTP,10.18.166.210,443,protocol_anomaly,True,temperature,MEDIUM,0,1,3,0,3,7,3,0,1,0,1,MEDIUM,3
598438,TEMP_ESP32_001,ESP32_Temperature_Monitor,General_Ward,False,6,HTTP,10.18.166.210,443,protocol_anomaly,True,temperature,MEDIUM,0,1,3,0,3,7,3,0,1,0,1,MEDIUM,3
603526,TEMP_ESP32_001,ESP32_Temperature_Monitor,General_Ward,False,6,HTTP,10.18.166.210,443,protocol_anomaly,True,temperature,MEDIUM,0,1,3,0,3,7,3,0,1,0,1,MEDIUM,3
608620,TEMP_ESP32_001,ESP32_Temperature_Monitor,General_Ward,False,6,TCP,10.18.166.210,21,protocol_anomaly,True,temperature,MEDIUM,0,1,3,0,7,7,3,0,1,0,1,MEDIUM,3
613642,TEMP_ESP32_001,ESP32_Temperature_Monitor,General_Ward,False,6,HTTP,10.18.166.210,8080,protocol_anomaly,True,temperature,MEDIUM,0,1,3,0,3,7,3,0,1,0,1,MEDIUM,3
618718,TEMP_ESP32_001,ESP32_Temperature_Monitor,General_Ward,False,6,HTTPS,10.18.166.210,80,protocol_anomaly,True,temperature,MEDIUM,0,1,3,0,4,7,3,0,1,0,1,MEDIUM,3
623739,TEMP_ESP32_001,ESP32_Temperature_Monitor,General_Ward,False,6,FTP,10.18.166.210,21,protocol_anomaly,True,temperature,MEDIUM,0,1,3,0,2,7,3,0,1,0,1,MEDIUM,3
628811,TEMP_ESP32_001,ESP32_Temperature_Monitor,General_Ward,False,6,HTTP,10.18.166.210,80,protocol_anomaly,True,temperature,MEDIUM,0,1,3,0,3,7,3,0,1,0,1,MEDIUM,3
709612,TEMP_ESP32_001,ESP32_Temperature_Monitor,General_Ward,False,6,MQTT,10.18.166.210,1883,flooding,True,temperature,LOW,0,1,3,0,5,3,3,0,0,0,0,LOW,4
709662,TEMP_ESP32_001,ESP32_Temperature_Monitor,General_Ward,False,6,MQTT,10.18.166.210,1883,flooding,True,temperature,LOW,0,1,3,0,5,3,3,0,0,0,0,LOW,4
709712,TEMP_ESP32_001,ESP32_Temperature_Monitor,General_Ward,False,6,MQTT,10.18.166.210,1883,flooding,True,temperature,LOW,0,1,3,0,5,3,3,0,0,0,0,LOW,4
709762,TEMP_ESP32_001,ESP32_Temperature_Monitor,General_Ward,False,6,MQTT,10.18.166.210,1883,flooding,True,temperature,LOW,0,1,3,0,5,3,3,0,0,0,0,LOW,4
709812,TEMP_ESP32_001,ESP32_Temperature_Monitor,General_Ward,False,6,MQTT,10.18.166.210,1883,flooding,True,temperature,LOW,0,1,3,0,5,3,3,0,0,0,0,LOW,4
709862,TEMP_ESP32_001,ESP32_Temperature_Monitor,General_Ward,False,6,MQTT,10.18.166.210,1883,flooding,True,temperature,LOW,0,1,3,0,5,3,3,0,0,0,0,LOW,4
709912,TEMP_ESP32_001,ESP32_Temperature_Monitor,General_Ward,False,6,MQTT,10.18.166.210,1883,flooding,True,temperature,LOW,0,1,3,0,5,3,3,0,0,0,0,LOW,4
709962,TEMP_ESP32_001,ESP32_Temperature_Monitor,General_Ward,False,6,MQTT,10.18.166.210,1883,flooding,True,temperature,LOW,0,1,3,0,5,3,3,0,0,0,0,LOW,4
710012,TEMP_ESP32_001,ESP32_Temperature_Monitor,General_Ward,False,6,MQTT,10.18.166.210,1883,flooding,True,temperature,LOW,0,1,3,0,5,3,3,0,0,0,0,LOW,4
710062,TEMP_ESP32_001,ESP32_Temperature_Monitor,General_Ward,False,6,MQTT,10.18.166.210,1883,flooding,True,temperature,LOW,0,1,3,0,5,3,3,0,0,0,0,LOW,4
710112,TEMP_ESP32_001,ESP32_Temperature_Monitor,General_Ward,False,6,MQTT,10.18.166.210,1883,flooding,True,temperature,LOW,0,1,3,0,5,3,3,0,0,0,0,LOW,4
710162,TEMP_ESP32_001,ESP32_Temperature_Monitor,General_Ward,False,6,MQTT,10.18.166.210,1883,flooding,True,temperature,LOW,0,1,3,0,5,3,3,0,0,0,0,LOW,4
710212,TEMP_ESP32_001,ESP32_Temperature_Monitor,General_Ward,False,6,MQTT,10.18.166.210,1883,flooding,True,temperature,LOW,0,1,3,0,5,3,3,0,0,0,0,LOW,4
710262,TEMP_ESP32_001,ESP32_Temperature_Monitor,General_Ward,False,6,MQTT,10.18.166.210,1883,flooding,True,temperature,LOW,0,1,3,0,5,3,3,0,0,0,0,LOW,4
710312,TEMP_ESP32_001,ESP32_Temperature_Monitor,General_Ward,False,6,MQTT,10.18.166.210,1883,flooding,True,temperature,LOW,0,1,3,0,5,3,3,0,0,0,0,LOW,4
710362,TEMP_ESP32_001,ESP32_Temperature_Monitor,General_Ward,False,6,MQTT,10.18.166.210,1883,flooding,True,temperature,LOW,0,1,3,0,5,3,3,0,0,0,0,LOW,4
710412,TEMP_ESP32_001,ESP32_Temperature_Monitor,General_Ward,False,6,MQTT,10.18.166.210,1883,flooding,True,temperature,LOW,0,1,3,0,5,3,3,0,0,0,0,LOW,4
710462,TEMP_ESP32_001,ESP32_Temperature_Monitor,General_Ward,False,6,MQTT,10.18.166.210,1883,flooding,True,temperature,LOW,0,1,3,0,5,3,3,0,0,0,0,LOW,4
710512,TEMP_ESP32_001,ESP32_Temperature_Monitor,General_Ward,False,6,MQTT,10.18.166.210,1883,flooding,True,temperature,LOW,0,1,3,0,5,3,3,0,0,0,0,LOW,4
710562,TEMP_ESP32_001,ESP32_Temperature_Monitor,General_Ward,False,6,MQTT,10.18.166.210,1883,flooding,True,temperature,LOW,0,1,3,0,5,3,3,0,0,0,0,LOW,4
710612,TEMP_ESP32_001,ESP32_Temperature_Monitor,General_Ward,False,6,MQTT,10.18.166.210,1883,flooding,True,temperature,LOW,0,1,3,0,5,3,3,0,0,0,0,LOW,4
710662,TEMP_ESP32_001,ESP32_Temperature_Monitor,General_Ward,False,6,MQTT,10.18.166.210,1883,flooding,True,temperature,LOW,0,1,3,0,5,3,3,0,0,0,0,LOW,4
710712,TEMP_ESP32_001,ESP32_Temperature_Monitor,General_Ward,False,6,MQTT,10.18.166.210,1883,flooding,True,temperature,LOW,0,1,3,0,5,3,3,0,0,0,0,LOW,4
710762,TEMP_ESP32_001,ESP32_Temperature_Monitor,General_Ward,False,6,MQTT,10.18.166.210,1883,flooding,True,temperature,LOW,0,1,3,0,5,3,3,0,0,0,0,LOW,4
710812,TEMP_ESP32_001,ESP32_Temperature_Monitor,General_Ward,False,6,MQTT,10.18.166.210,1883,flooding,True,temperature,LOW,0,1,3,0,5,3,3,0,0,0,0,LOW,4
786477,TEMP_ESP32_001,ESP32_Temperature_Monitor,General_Ward,False,6,MQTT,192.168.133.51,1883,ip_spoofing,True,temperature,MEDIUM,0,1,3,0,5,4,3,0,0,0,0,MEDIUM,5
791517,TEMP_ESP32_001,ESP32_Temperature_Monitor,General_Ward,False,6,MQTT,192.168.181.60,1883,ip_spoofing,True,temperature,MEDIUM,0,1,3,0,5,4,3,0,0,0,0,MEDIUM,5
796521,TEMP_ESP32_001,ESP32_Temperature_Monitor,General_Ward,False,6,MQTT,192.168.194.5,1883,ip_spoofing,True,temperature,MEDIUM,0,1,3,0,5,4,3,0,0,0,0,MEDIUM,5
801532,TEMP_ESP32_001,ESP32_Temperature_Monitor,General_Ward,False,6,MQTT,192.168.192.63,1883,ip_spoofing,True,temperature,MEDIUM,0,1,3,0,5,4,3,0,0,0,0,MEDIUM,5
806573,TEMP_ESP32_001,ESP32_Temperature_Monitor,General_Ward,False,6,MQTT,192.168.37.6,1883,ip_spoofing,True,temperature,MEDIUM,0,1,3,0,5,4,3,0,0,0,0,MEDIUM,5
811673,TEMP_ESP32_001,ESP32_Temperature_Monitor,General_Ward,False,6,MQTT,192.168.113.88,1883,ip_spoofing,True,temperature,MEDIUM,0,1,3,0,5,4,3,0,0,0,0,MEDIUM,5
816701,TEMP_ESP32_001,ESP32_Temperature_Monitor,General_Ward,False,6,MQTT,192.168.36.166,1883,ip_spoofing,True,temperature,MEDIUM,0,1,3,0,5,4,3,0,0,0,0,MEDIUM,5
821799,TEMP_ESP32_001,ESP32_Temperature_Monitor,General_Ward,False,6,MQTT,192.168.223.21,1883,ip_spoofing,True,temperature,MEDIUM,0,1,3,0,5,4,3,0,0,0,0,MEDIUM,5
826814,TEMP_ESP32_001,ESP32_Temperature_Monitor,General_Ward,False,6,MQTT,192.168.189.128,1883,ip_spoofing,True,temperature,MEDIUM,0,1,3,0,5,4,3,0,0,0,0,MEDIUM,5
831908,TEMP_ESP32_001,ESP32_Temperature_Monitor,General_Ward,False,6,MQTT,192.168.134.84,1883,ip_spoofing,True,temperature,MEDIUM,0,1,3,0,5,4,3,0,0,0,0,MEDIUM,5
836957,TEMP_ESP32_001,ESP32_Temperature_Monitor,General_Ward,False,6,MQTT,192.168.139.136,1883,ip_spoofing,True,temperature,MEDIUM,0,1,3,0,5,4,3,0,0,0,0,MEDIUM,5
841972,TEMP_ESP32_001,ESP32_Temperature_Monitor,General_Ward,False,6,MQTT,192.168.112.69,1883,ip_spoofing,True,temperature,MEDIUM,0,1,3,0,5,4,3,0,0,0,0,MEDIUM,5
846977,TEMP_ESP32_001,ESP32_Temperature_Monitor,General_Ward,False,6,MQTT,192.168.138.225,1883,ip_spoofing,True,temperature,MEDIUM,0,1,3,0,5,4,3,0,0,0,0,MEDIUM,5
851991,TEMP_ESP32_001,ESP32_Temperature_Monitor,General_Ward,False,6,MQTT,192.168.124.55,1883,ip_spoofing,True,temperature,MEDIUM,0,1,3,0,5,4,3,0,0,0,0,MEDIUM,5
857071,TEMP_ESP32_001,ESP32_Temperature_Monitor,General_Ward,False,6,MQTT,192.168.8.155,1883,ip_spoofing,True,temperature,MEDIUM,0,1,3,0,5,4,3,0,0,0,0,MEDIUM,5
937743,TEMP_ESP32_001,ESP32_Temperature_Monitor,General_Ward,False,6,MQTT,10.18.166.210,1883,data_tampering,True,temperature,HIGH,0,1,3,0,5,0,3,0,0,0,0,HIGH,6
942796,TEMP_ESP32_001,ESP32_Temperature_Monitor,General_Ward,False,6,MQTT,10.18.166.210,1883,data_tampering,True,temperature,HIGH,0,1,3,0,5,0,3,0,0,0,0,HIGH,6
947881,TEMP_ESP32_001,ESP32_Temperature_Monitor,General_Ward,False,6,MQTT,10.18.166.210,1883,data_tampering,True,temperature,HIGH,0,1,3,0,5,0,3,0,0,0,0,HIGH,6
952897,TEMP_ESP32_001,ESP32_Temperature_Monitor,General_Ward,False,6,MQTT,10.18.166.210,1883,data_tampering,True,temperature,HIGH,0,1,3,0,5,0,3,0,0,0,0,HIGH,6
957983,TEMP_ESP32_001,ESP32_Temperature_Monitor,General_Ward,False,6,MQTT,10.18.166.210,1883,data_tampering,True,temperature,HIGH,0,1,3,0,5,0,3,0,0,0,0,HIGH,6
963039,TEMP_ESP32_001,ESP32_Temperature_Monitor,General_Ward,False,6,MQTT,10.18.166.210,1883,data_tampering,True,temperature,HIGH,0,1,3,0,5,0,3,0,0,0,0,HIGH,6
968063,TEMP_ESP32_001,ESP32_Temperature_Monitor,General_Ward,False,6,MQTT,10.18.166.210,1883,data_tampering,True,temperature,HIGH,0,1,3,0,5,0,3,0,0,0,0,HIGH,6
973152,TEMP_ESP32_001,ESP32_Temperature_Monitor,General_Ward,False,6,MQTT,10.18.166.210,1883,data_tampering,True,temperature,HIGH,0,1,3,0,5,0,3,0,0,0,0,HIGH,6
978206,TEMP_ESP32_001,ESP32_Temperature_Monitor,General_Ward,False,6,MQTT,10.18.166.210,1883,data_tampering,True,temperature,HIGH,0,1,3,0,5,0,3,0,0,0,0,HIGH,6
983303,TEMP_ESP32_001,ESP32_Temperature_Monitor,General_Ward,False,6,MQTT,10.18.166.210,1883,data_tampering,True,temperature,HIGH,0,1,3,0,5,0,3,0,0,0,0,HIGH,6
988313,TEMP_ESP32_001,ESP32_Temperature_Monitor,General_Ward,False,6,MQTT,10.18.166.210,1883,data_tampering,True,temperature,HIGH,0,1,3,0,5,0,3,0,0,0,0,HIGH,6
993346,TEMP_ESP32_001,ESP32_Temperature_Monitor,General_Ward,False,6,MQTT,10.18.166.210,1883,data_tampering,True,temperature,HIGH,0,1,3,0,5,0,3,0,0,0,0,HIGH,6
998443,TEMP_ESP32_001,ESP32_Temperature_Monitor,General_Ward,False,6,MQTT,10.18.166.210,1883,data_tampering,True,temperature,HIGH,0,1,3,0,5,0,3,0,0,0,0,HIGH,6
1003539,TEMP_ESP32_001,ESP32_Temperature_Monitor,General_Ward,False,6,MQTT,10.18.166.210,1883,data_tampering,True,temperature,HIGH,0,1,3,0,5,0,3,0,0,0,0,HIGH,6
1008600,TEMP_ESP32_001,ESP32_Temperature_Monitor,General_Ward,False,6,MQTT,10.18.166.210,1883,data_tampering,True,temperature,HIGH,0,1,3,0,5,0,3,0,0,0,0,HIGH,6
1089441,TEMP_ESP32_104,ESP32_Temperature_Monitor,General_Ward,False,6,MQTT,10.123.152.50,1883,ddos,True,temperature,HIGH,0,1,3,0,5,1,3,0,0,0,0,HIGH,7
1089471,TEMP_ESP32_417,ESP32_Temperature_Monitor,General_Ward,False,6,MQTT,10.45.57.83,8080,ddos,True,temperature,HIGH,0,1,3,0,5,1,3,0,1,0,0,HIGH,7
1089501,TEMP_ESP32_514,ESP32_Temperature_Monitor,General_Ward,False,6,HTTP,10.226.128.123,1883,ddos,True,temperature,HIGH,0,1,3,0,3,1,3,0,0,0,1,HIGH,7
1089531,TEMP_ESP32_233,ESP32_Temperature_Monitor,General_Ward,False,6,MQTT,10.118.106.208,5555,ddos,True,temperature,HIGH,0,1,3,0,5,1,3,0,1,0,0,HIGH,7
1089561,TEMP_ESP32_835,ESP32_Temperature_Monitor,General_Ward,False,6,HTTP,10.177.90.187,8080,ddos,True,temperature,HIGH,0,1,3,0,3,1,3,0,1,0,1,HIGH,7
1089591,TEMP_ESP32_121,ESP32_Temperature_Monitor,General_Ward,False,6,MQTT,10.78.65.112,5555,ddos,True,temperature,HIGH,0,1,3,0,5,1,3,0,1,0,0,HIGH,7
1089621,TEMP_ESP32_671,ESP32_Temperature_Monitor,General_Ward,False,6,HTTP,10.88.168.178,5555,ddos,True,temperature,HIGH,0,1,3,0,3,1,3,0,1,0,1,HIGH,7
1089651,TEMP_ESP32_662,ESP32_Temperature_Monitor,General_Ward,False,6,HTTP,10.175.216.51,1883,ddos,True,temperature,HIGH,0,1,3,0,3,1,3,0,0,0,1,HIGH,7
1089681,TEMP_ESP32_194,ESP32_Temperature_Monitor,General_Ward,False,6,HTTP,10.219.194.96,9999,ddos,True,temperature,HIGH,0,1,3,0,3,1,3,0,1,0,1,HIGH,7
1089711,TEMP_ESP32_365,ESP32_Temperature_Monitor,General_Ward,False,6,MQTT,10.180.68.17,8080,ddos,True,temperature,HIGH,0,1,3,0,5,1,3,0,1,0,0,HIGH,7
1089741,TEMP_ESP32_476,ESP32_Temperature_Monitor,General_Ward,False,6,HTTP,10.121.63.155,5555,ddos,True,temperature,HIGH,0,1,3,0,3,1,3,0,1,0,1,HIGH,7
1089771,TEMP_ESP32_517,ESP32_Temperature_Monitor,General_Ward,False,6,MQTT,10.66.147.249,8080,ddos,True,temperature,HIGH,0,1,3,0,5,1,3,0,1,0,0,HIGH,7
1089801,TEMP_ESP32_661,ESP32_Temperature_Monitor,General_Ward,False,6,TCP,10.72.126.106,5555,ddos,True,temperature,HIGH,0,1,3,0,7,1,3,0,1,0,1,HIGH,7
1089831,TEMP_ESP32_544,ESP32_Temperature_Monitor,General_Ward,False,6,TCP,10.47.176.8,9999,ddos,True,temperature,HIGH,0,1,3,0,7,1,3,0,1,0,1,HIGH,7
1089861,TEMP_ESP32_167,ESP32_Temperature_Monitor,General_Ward,False,6,HTTP,10.123.19.33,5555,ddos,True,temperature,HIGH,0,1,3,0,3,1,3,0,1,0,1,HIGH,7
1089891,TEMP_ESP32_674,ESP32_Temperature_Monitor,General_Ward,False,6,MQTT,10.20.33.4,5555,ddos,True,temperature,HIGH,0,1,3,0,5,1,3,0,1,0,0,HIGH,7
1089921,TEMP_ESP32_561,ESP32_Temperature_Monitor,General_Ward,False,6,MQTT,10.254.1.56,9999,ddos,True,temperature,HIGH,0,1,3,0,5,1,3,0,1,0,0,HIGH,7
1089951,TEMP_ESP32_755,ESP32_Temperature_Monitor,General_Ward,False,6,HTTP,10.64.234.74,8080,ddos,True,temperature,HIGH,0,1,3,0,3,1,3,0,1,0,1,HIGH,7
1089981,TEMP_ESP32_935,ESP32_Temperature_Monitor,General_Ward,False,6,MQTT,10.28.16.176,5555,ddos,True,temperature,HIGH,0,1,3,0,5,1,3,0,1,0,0,HIGH,7
1090011,TEMP_ESP32_877,ESP32_Temperature_Monitor,General_Ward,False,6,HTTP,10.145.178.179,8080,ddos,True,temperature,HIGH,0,1,3,0,3,1,3,0,1,0,1,HIGH,7
1090041,TEMP_ESP32_906,ESP32_Temperature_Monitor,General_Ward,False,6,HTTP,10.102.212.245,5555,ddos,True,temperature,HIGH,0,1,3,0,3,1,3,0,1,0,1,HIGH,7
1090071,TEMP_ESP32_590,ESP32_Temperature_Monitor,General_Ward,False,6,MQTT,10.211.133.246,9999,ddos,True,temperature,HIGH,0,1,3,0,5,1,3,0,1,0,0,HIGH,7
1090101,TEMP_ESP32_276,ESP32_Temperature_Monitor,General_Ward,False,6,MQTT,10.118.88.232,5555,ddos,True,temperature,HIGH,0,1,3,0,5,1,3,0,1,0,0,HIGH,7
1090131,TEMP_ESP32_263,ESP32_Temperature_Monitor,General_Ward,False,6,TCP,10.153.130.83,8080,ddos,True,temperature,HIGH,0,1,3,0,7,1,3,0,1,0,1,HIGH,7
1090161,TEMP_ESP32_483,ESP32_Temperature_Monitor,General_Ward,False,6,MQTT,10.79.237.119,1883,ddos,True,temperature,HIGH,0,1,3,0,5,1,3,0,0,0,0,HIGH,7
1090191,TEMP_ESP32_426,ESP32_Temperature_Monitor,General_Ward,False,6,TCP,10.167.72.177,8080,ddos,True,temperature,HIGH,0,1,3,0,7,1,3,0,1,0,1,HIGH,7
1090221,TEMP_ESP32_784,ESP32_Temperature_Monitor,General_Ward,False,6,TCP,10.239.108.129,8080,ddos,True,temperature,HIGH,0,1,3,0,7,1,3,0,1,0,1,HIGH,7
1090251,TEMP_ESP32_891,ESP32_Temperature_Monitor,General_Ward,False,6,HTTP,10.168.110.181,5555,ddos,True,temperature,HIGH,0,1,3,0,3,1,3,0,1,0,1,HIGH,7
1090281,TEMP_ESP32_877,ESP32_Temperature_Monitor,General_Ward,False,6,MQTT,10.80.125.183,9999,ddos,True,temperature,HIGH,0,1,3,0,5,1,3,0,1,0,0,HIGH,7
1090311,TEMP_ESP32_182,ESP32_Temperature_Monitor,General_Ward,False,6,MQTT,10.28.44.162,1883,ddos,True,temperature,HIGH,0,1,3,0,5,1,3,0,0,0,0,HIGH,7
1184466,PULSE_ESP32_001,ESP32_Pulse_Oximeter,ICU,True,9,MQTT,10.86.251.45,1883,sensor_spoofing,True,pulse,CRITICAL,1,1,2,1,5,8,2,1,0,0,0,CRITICAL,8
1186483,PULSE_ESP32_001,ESP32_Pulse_Oximeter,ICU,True,9,MQTT,10.86.251.45,1883,sensor_spoofing,True,pulse,CRITICAL,1,1,2,1,5,8,2,1,0,0,0,CRITICAL,8
1188486,PULSE_ESP32_001,ESP32_Pulse_Oximeter,ICU,True,9,MQTT,10.86.251.45,1883,sensor_spoofing,True,pulse,CRITICAL,1,1,2,1,5,8,2,1,0,0,0,CRITICAL,8
1190515,PULSE_ESP32_001,ESP32_Pulse_Oximeter,ICU,True,9,MQTT,10.86.251.45,1883,sensor_spoofing,True,pulse,CRITICAL,1,1,2,1,5,8,2,1,0,0,0,CRITICAL,8
1192521,PULSE_ESP32_001,ESP32_Pulse_Oximeter,ICU,True,9,MQTT,10.86.251.45,1883,sensor_spoofing,True,pulse,CRITICAL,1,1,2,1,5,8,2,1,0,0,0,CRITICAL,8
1194523,PULSE_ESP32_001,ESP32_Pulse_Oximeter,ICU,True,9,MQTT,10.86.251.45,1883,sensor_spoofing,True,pulse,CRITICAL,1,1,2,1,5,8,2,1,0,0,0,CRITICAL,8
1196548,PULSE_ESP32_001,ESP32_Pulse_Oximeter,ICU,True,9,MQTT,10.86.251.45,1883,sensor_spoofing,True,pulse,CRITICAL,1,1,2,1,5,8,2,1,0,0,0,CRITICAL,8
1198571,PULSE_ESP32_001,ESP32_Pulse_Oximeter,ICU,True,9,MQTT,10.86.251.45,1883,sensor_spoofing,True,pulse,CRITICAL,1,1,2,1,5,8,2,1,0,0,0,CRITICAL,8
1200574,PULSE_ESP32_001,ESP32_Pulse_Oximeter,ICU,True,9,MQTT,10.86.251.45,1883,sensor_spoofing,True,pulse,CRITICAL,1,1,2,1,5,8,2,1,0,0,0,CRITICAL,8
1202583,PULSE_ESP32_001,ESP32_Pulse_Oximeter,ICU,True,9,MQTT,10.86.251.45,1883,sensor_spoofing,True,pulse,CRITICAL,1,1,2,1,5,8,2,1,0,0,0,CRITICAL,8
1204607,PULSE_ESP32_001,ESP32_Pulse_Oximeter,ICU,True,9,MQTT,10.86.251.45,1883,sensor_spoofing,True,pulse,CRITICAL,1,1,2,1,5,8,2,1,0,0,0,CRITICAL,8
1206633,PULSE_ESP32_001,ESP32_Pulse_Oximeter,ICU,True,9,MQTT,10.86.251.45,1883,sensor_spoofing,True,pulse,CRITICAL,1,1,2,1,5,8,2,1,0,0,0,CRITICAL,8
1208666,PULSE_ESP32_001,ESP32_Pulse_Oximeter,ICU,True,9,MQTT,10.86.251.45,1883,sensor_spoofing,True,pulse,CRITICAL,1,1,2,1,5,8,2,1,0,0,0,CRITICAL,8
1210699,PULSE_ESP32_001,ESP32_Pulse_Oximeter,ICU,True,9,MQTT,10.86.251.45,1883,sensor_spoofing,True,pulse,CRITICAL,1,1,2,1,5,8,2,1,0,0,0,CRITICAL,8
1212702,PULSE_ESP32_001,ESP32_Pulse_Oximeter,ICU,True,9,MQTT,10.86.251.45,1883,sensor_spoofing,True,pulse,CRITICAL,1,1,2,1,5,8,2,1,0,0,0,CRITICAL,8
1214727,PULSE_ESP32_001,ESP32_Pulse_Oximeter,ICU,True,9,MQTT,10.86.251.45,1883,sensor_spoofing,True,pulse,CRITICAL,1,1,2,1,5,8,2,1,0,0,0,CRITICAL,8
1216758,PULSE_ESP32_001,ESP32_Pulse_Oximeter,ICU,True,9,MQTT,10.86.251.45,1883,sensor_spoofing,True,pulse,CRITICAL,1,1,2,1,5,8,2,1,0,0,0,CRITICAL,8
1218790,PULSE_ESP32_001,ESP32_Pulse_Oximeter,ICU,True,9,MQTT,10.86.251.45,1883,sensor_spoofing,True,pulse,CRITICAL,1,1,2,1,5,8,2,1,0,0,0,CRITICAL,8
1220812,PULSE_ESP32_001,ESP32_Pulse_Oximeter,ICU,True,9,MQTT,10.86.251.45,1883,sensor_spoofing,True,pulse,CRITICAL,1,1,2,1,5,8,2,1,0,0,0,CRITICAL,8
1222822,PULSE_ESP32_001,ESP32_Pulse_Oximeter,ICU,True,9,MQTT,10.86.251.45,1883,sensor_spoofing,True,pulse,CRITICAL,1,1,2,1,5,8,2,1,0,0,0,CRITICAL,8
1265211,PULSE_ESP32_001,ESP32_Pulse_Oximeter,ICU,True,9,MQTT,10.86.251.45,7777,mqtt_port_manipulation,True,pulse,CRITICAL,1,1,2,1,5,5,2,1,1,0,0,CRITICAL,9
1267216,PULSE_ESP32_001,ESP32_Pulse_Oximeter,ICU,True,9,MQTT,10.86.251.45,7777,mqtt_port_manipulation,True,pulse,CRITICAL,1,1,2,1,5,5,2,1,1,0,0,CRITICAL,9
1269248,PULSE_ESP32_001,ESP32_Pulse_Oximeter,ICU,True,9,MQTT,10.86.251.45,6666,mqtt_port_manipulation,True,pulse,CRITICAL,1,1,2,1,5,5,2,1,1,0,0,CRITICAL,9
1271266,PULSE_ESP32_001,ESP32_Pulse_Oximeter,ICU,True,9,MQTT,10.86.251.45,7777,mqtt_port_manipulation,True,pulse,CRITICAL,1,1,2,1,5,5,2,1,1,0,0,CRITICAL,9
1273267,PULSE_ESP32_001,ESP32_Pulse_Oximeter,ICU,True,9,MQTT,10.86.251.45,9002,mqtt_port_manipulation,True,pulse,CRITICAL,1,1,2,1,5,5,2,1,1,0,0,CRITICAL,9
1275282,PULSE_ESP32_001,ESP32_Pulse_Oximeter,ICU,True,9,MQTT,10.86.251.45,6666,mqtt_port_manipulation,True,pulse,CRITICAL,1,1,2,1,5,5,2,1,1,0,0,CRITICAL,9
1277307,PULSE_ESP32_001,ESP32_Pulse_Oximeter,ICU,True,9,MQTT,10.86.251.45,9002,mqtt_port_manipulation,True,pulse,CRITICAL,1,1,2,1,5,5,2,1,1,0,0,CRITICAL,9
1279329,PULSE_ESP32_001,ESP32_Pulse_Oximeter,ICU,True,9,MQTT,10.86.251.45,4444,mqtt_port_manipulation,True,pulse,CRITICAL,1,1,2,1,5,5,2,1,1,0,0,CRITICAL,9
1281337,PULSE_ESP32_001,ESP32_Pulse_Oximeter,ICU,True,9,MQTT,10.86.251.45,9002,mqtt_port_manipulation,True,pulse,CRITICAL,1,1,2,1,5,5,2,1,1,0,0,CRITICAL,9
1283363,PULSE_ESP32_001,ESP32_Pulse_Oximeter,ICU,True,9,MQTT,10.86.251.45,7777,mqtt_port_manipulation,True,pulse,CRITICAL,1,1,2,1,5,5,2,1,1,0,0,CRITICAL,9
1285369,PULSE_ESP32_001,ESP32_Pulse_Oximeter,ICU,True,9,MQTT,10.86.251.45,9002,mqtt_port_manipulation,True,pulse,CRITICAL,1,1,2,1,5,5,2,1,1,0,0,CRITICAL,9
1287406,PULSE_ESP32_001,ESP32_Pulse_Oximeter,ICU,True,9,MQTT,10.86.251.45,6666,mqtt_port_manipulation,True,pulse,CRITICAL,1,1,2,1,5,5,2,1,1,0,0,CRITICAL,9
1289421,PULSE_ESP32_001,ESP32_Pulse_Oximeter,ICU,True,9,MQTT,10.86.251.45,4444,mqtt_port_manipulation,True,pulse,CRITICAL,1,1,2,1,5,5,2,1,1,0,0,CRITICAL,9
1291424,PULSE_ESP32_001,ESP32_Pulse_Oximeter,ICU,True,9,MQTT,10.86.251.45,9002,mqtt_port_manipulation,True,pulse,CRITICAL,1,1,2,1,5,5,2,1,1,0,0,CRITICAL,9
1293453,PULSE_ESP32_001,ESP32_Pulse_Oximeter,ICU,True,9,MQTT,10.86.251.45,6666,mqtt_port_manipulation,True,pulse,CRITICAL,1,1,2,1,5,5,2,1,1,0,0,CRITICAL,9
1295468,PULSE_ESP32_001,ESP32_Pulse_Oximeter,ICU,True,9,MQTT,10.86.251.45,7777,mqtt_port_manipulation,True,pulse,CRITICAL,1,1,2,1,5,5,2,1,1,0,0,CRITICAL,9
1297486,PULSE_ESP32_001,ESP32_Pulse_Oximeter,ICU,True,9,MQTT,10.86.251.45,4444,mqtt_port_manipulation,True,pulse,CRITICAL,1,1,2,1,5,5,2,1,1,0,0,CRITICAL,9
1299490,PULSE_ESP32_001,ESP32_Pulse_Oximeter,ICU,True,9,MQTT,10.86.251.45,6666,mqtt_port_manipulation,True,pulse,CRITICAL,1,1,2,1,5,5,2,1,1,0,0,CRITICAL,9
1301494,PULSE_ESP32_001,ESP32_Pulse_Oximeter,ICU,True,9,MQTT,10.86.251.45,7777,mqtt_port_manipulation,True,pulse,CRITICAL,1,1,2,1,5,5,2,1,1,0,0,CRITICAL,9
1303500,PULSE_ESP32_001,ESP32_Pulse_Oximeter,ICU,True,9,MQTT,10.86.251.45,7777,mqtt_port_manipulation,True,pulse,CRITICAL,1,1,2,1,5,5,2,1,1,0,0,CRITICAL,9
1345947,ROGUE_PULSE_001,ESP32_Pulse_Oximeter,ICU,True,9,MQTT,10.86.251.45,1883,device_identity_spoofing,True,pulse,CRITICAL,1,1,2,1,5,2,2,1,0,1,0,CRITICAL,10
1347980,ROGUE_PULSE_001,ESP32_Pulse_Oximeter,ICU,True,9,MQTT,10.86.251.45,1883,device_identity_spoofing,True,pulse,CRITICAL,1,1,2,1,5,2,2,1,0,1,0,CRITICAL,10
1349999,GHOST_ESP32,ESP32_Pulse_Oximeter,ICU,True,9,MQTT,10.86.251.45,1883,device_identity_spoofing,True,pulse,CRITICAL,1,1,2,1,5,2,2,1,0,1,0,CRITICAL,10
1352001,GHOST_ESP32,ESP32_Pulse_Oximeter,ICU,True,9,MQTT,10.86.251.45,1883,device_identity_spoofing,True,pulse,CRITICAL,1,1,2,1,5,2,2,1,0,1,0,CRITICAL,10
1354014,GHOST_ESP32,ESP32_Pulse_Oximeter,ICU,True,9,MQTT,10.86.251.45,1883,device_identity_spoofing,True,pulse,CRITICAL,1,1,2,1,5,2,2,1,0,1,0,CRITICAL,10
1356027,UNKNOWN_DEVICE,ESP32_Pulse_Oximeter,ICU,True,9,MQTT,10.86.251.45,1883,device_identity_spoofing,True,pulse,CRITICAL,1,1,2,1,5,2,2,1,0,1,0,CRITICAL,10
1358062,UNKNOWN_DEVICE,ESP32_Pulse_Oximeter,ICU,True,9,MQTT,10.86.251.45,1883,device_identity_spoofing,True,pulse,CRITICAL,1,1,2,1,5,2,2,1,0,1,0,CRITICAL,10
1360084,GHOST_ESP32,ESP32_Pulse_Oximeter,ICU,True,9,MQTT,10.86.251.45,1883,device_identity_spoofing,True,pulse,CRITICAL,1,1,2,1,5,2,2,1,0,1,0,CRITICAL,10
1362091,CLONE_PULSE,ESP32_Pulse_Oximeter,ICU,True,9,MQTT,10.86.251.45,1883,device_identity_spoofing,True,pulse,CRITICAL,1,1,2,1,5,2,2,1,0,1,0,CRITICAL,10
1364119,CLONE_PULSE,ESP32_Pulse_Oximeter,ICU,True,9,MQTT,10.86.251.45,1883,device_identity_spoofing,True,pulse,CRITICAL,1,1,2,1,5,2,2,1,0,1,0,CRITICAL,10
1366150,ROGUE_PULSE_001,ESP32_Pulse_Oximeter,ICU,True,9,MQTT,10.86.251.45,1883,device_identity_spoofing,True,pulse,CRITICAL,1,1,2,1,5,2,2,1,0,1,0,CRITICAL,10
1368178,ROGUE_PULSE_001,ESP32_Pulse_Oximeter,ICU,True,9,MQTT,10.86.251.45,1883,device_identity_spoofing,True,pulse,CRITICAL,1,1,2,1,5,2,2,1,0,1,0,CRITICAL,10
1370186,CLONE_PULSE,ESP32_Pulse_Oximeter,ICU,True,9,MQTT,10.86.251.45,1883,device_identity_spoofing,True,pulse,CRITICAL,1,1,2,1,5,2,2,1,0,1,0,CRITICAL,10
1372197,UNKNOWN_DEVICE,ESP32_Pulse_Oximeter,ICU,True,9,MQTT,10.86.251.45,1883,device_identity_spoofing,True,pulse,CRITICAL,1,1,2,1,5,2,2,1,0,1,0,CRITICAL,10
1374217,UNKNOWN_DEVICE,ESP32_Pulse_Oximeter,ICU,True,9,MQTT,10.86.251.45,1883,device_identity_spoofing,True,pulse,CRITICAL,1,1,2,1,5,2,2,1,0,1,0,CRITICAL,10
1376218,CLONE_PULSE,ESP32_Pulse_Oximeter,ICU,True,9,MQTT,10.86.251.45,1883,device_identity_spoofing,True,pulse,CRITICAL,1,1,2,1,5,2,2,1,0,1,0,CRITICAL,10
1378239,UNKNOWN_DEVICE,ESP32_Pulse_Oximeter,ICU,True,9,MQTT,10.86.251.45,1883,device_identity_spoofing,True,pulse,CRITICAL,1,1,2,1,5,2,2,1,0,1,0,CRITICAL,10
1380268,UNKNOWN_DEVICE,ESP32_Pulse_Oximeter,ICU,True,9,MQTT,10.86.251.45,1883,device_identity_spoofing,True,pulse,CRITICAL,1,1,2,1,5,2,2,1,0,1,0,CRITICAL,10
1382277,UNKNOWN_DEVICE,ESP32_Pulse_Oximeter,ICU,True,9,MQTT,10.86.251.45,1883,device_identity_spoofing,True,pulse,CRITICAL,1,1,2,1,5,2,2,1,0,1,0,CRITICAL,10
1384294,UNKNOWN_DEVICE,ESP32_Pulse_Oximeter,ICU,True,9,MQTT,10.86.251.45,1883,device_identity_spoofing,True,pulse,CRITICAL,1,1,2,1,5,2,2,1,0,1,0,CRITICAL,10
1446771,PULSE_ESP32_001,ESP32_Pulse_Oximeter,ICU,True,9,HTTP,10.86.251.45,23,protocol_anomaly,True,pulse,CRITICAL,1,1,2,1,3,7,2,1,1,0,1,CRITICAL,11
1448798,PULSE_ESP32_001,ESP32_Pulse_Oximeter,ICU,True,9,FTP,10.86.251.45,80,protocol_anomaly,True,pulse,CRITICAL,1,1,2,1,2,7,2,1,1,0,1,CRITICAL,11
1450806,PULSE_ESP32_001,ESP32_Pulse_Oximeter,ICU,True,9,TELNET,10.86.251.45,9999,protocol_anomaly,True,pulse,CRITICAL,1,1,2,1,8,7,2,1,1,0,1,CRITICAL,11
1452820,PULSE_ESP32_001,ESP32_Pulse_Oximeter,ICU,True,9,RAW_TCP,10.86.251.45,80,protocol_anomaly,True,pulse,CRITICAL,1,1,2,1,6,7,2,1,1,0,1,CRITICAL,11
1454832,PULSE_ESP32_001,ESP32_Pulse_Oximeter,ICU,True,9,RAW_TCP,10.86.251.45,23,protocol_anomaly,True,pulse,CRITICAL,1,1,2,1,6,7,2,1,1,0,1,CRITICAL,11
1456845,PULSE_ESP32_001,ESP32_Pulse_Oximeter,ICU,True,9,RAW_TCP,10.86.251.45,21,protocol_anomaly,True,pulse,CRITICAL,1,1,2,1,6,7,2,1,1,0,1,CRITICAL,11
1458878,PULSE_ESP32_001,ESP32_Pulse_Oximeter,ICU,True,9,HTTP,10.86.251.45,23,protocol_anomaly,True,pulse,CRITICAL,1,1,2,1,3,7,2,1,1,0,1,CRITICAL,11
1460887,PULSE_ESP32_001,ESP32_Pulse_Oximeter,ICU,True,9,HTTP,10.86.251.45,21,protocol_anomaly,True,pulse,CRITICAL,1,1,2,1,3,7,2,1,1,0,1,CRITICAL,11
1462904,PULSE_ESP32_001,ESP32_Pulse_Oximeter,ICU,True,9,FTP,10.86.251.45,9999,protocol_anomaly,True,pulse,CRITICAL,1,1,2,1,2,7,2,1,1,0,1,CRITICAL,11
1464906,PULSE_ESP32_001,ESP32_Pulse_Oximeter,ICU,True,9,FTP,10.86.251.45,9999,protocol_anomaly,True,pulse,CRITICAL,1,1,2,1,2,7,2,1,1,0,1,CRITICAL,11
1466936,PULSE_ESP32_001,ESP32_Pulse_Oximeter,ICU,True,9,RAW_TCP,10.86.251.45,80,protocol_anomaly,True,pulse,CRITICAL,1,1,2,1,6,7,2,1,1,0,1,CRITICAL,11
1468971,PULSE_ESP32_001,ESP32_Pulse_Oximeter,ICU,True,9,TELNET,10.86.251.45,9999,protocol_anomaly,True,pulse,CRITICAL,1,1,2,1,8,7,2,1,1,0,1,CRITICAL,11
1470995,PULSE_ESP32_001,ESP32_Pulse_Oximeter,ICU,True,9,TELNET,10.86.251.45,80,protocol_anomaly,True,pulse,CRITICAL,1,1,2,1,8,7,2,1,1,0,1,CRITICAL,11
1473017,PULSE_ESP32_001,ESP32_Pulse_Oximeter,ICU,True,9,RAW_TCP,10.86.251.45,21,protocol_anomaly,True,pulse,CRITICAL,1,1,2,1,6,7,2,1,1,0,1,CRITICAL,11
1475032,PULSE_ESP32_001,ESP32_Pulse_Oximeter,ICU,True,9,HTTP,10.86.251.45,21,protocol_anomaly,True,pulse,CRITICAL,1,1,2,1,3,7,2,1,1,0,1,CRITICAL,11
1477050,PULSE_ESP32_001,ESP32_Pulse_Oximeter,ICU,True,9,TELNET,10.86.251.45,23,protocol_anomaly,True,pulse,CRITICAL,1,1,2,1,8,7,2,1,1,0,1,CRITICAL,11
1479060,PULSE_ESP32_001,ESP32_Pulse_Oximeter,ICU,True,9,HTTP,10.86.251.45,23,protocol_anomaly,True,pulse,CRITICAL,1,1,2,1,3,7,2,1,1,0,1,CRITICAL,11
1481083,PULSE_ESP32_001,ESP32_Pulse_Oximeter,ICU,True,9,HTTP,10.86.251.45,80,protocol_anomaly,True,pulse,CRITICAL,1,1,2,1,3,7,2,1,1,0,1,CRITICAL,11
1483099,PULSE_ESP32_001,ESP32_Pulse_Oximeter,ICU,True,9,FTP,10.86.251.45,9999,protocol_anomaly,True,pulse,CRITICAL,1,1,2,1,2,7,2,1,1,0,1,CRITICAL,11
1485126,PULSE_ESP32_001,ESP32_Pulse_Oximeter,ICU,True,9,FTP,10.86.251.45,23,protocol_anomaly,True,pulse,CRITICAL,1,1,2,1,2,7,2,1,1,0,1,CRITICAL,11
1547693,PULSE_ESP32_001,ESP32_Pulse_Oximeter,ICU,True,9,MQTT,10.86.251.45,1883,flooding,True,pulse,CRITICAL,1,1,2,1,5,3,2,1,0,0,0,CRITICAL,12
1547743,PULSE_ESP32_001,ESP32_Pulse_Oximeter,ICU,True,9,MQTT,10.86.251.45,1883,flooding,True,pulse,CRITICAL,1,1,2,1,5,3,2,1,0,0,0,CRITICAL,12
1547793,PULSE_ESP32_001,ESP32_Pulse_Oximeter,ICU,True,9,MQTT,10.86.251.45,1883,flooding,True,pulse,CRITICAL,1,1,2,1,5,3,2,1,0,0,0,CRITICAL,12
1547843,PULSE_ESP32_001,ESP32_Pulse_Oximeter,ICU,True,9,MQTT,10.86.251.45,1883,flooding,True,pulse,CRITICAL,1,1,2,1,5,3,2,1,0,0,0,CRITICAL,12
1547893,PULSE_ESP32_001,ESP32_Pulse_Oximeter,ICU,True,9,MQTT,10.86.251.45,1883,flooding,True,pulse,CRITICAL,1,1,2,1,5,3,2,1,0,0,0,CRITICAL,12
1547943,PULSE_ESP32_001,ESP32_Pulse_Oximeter,ICU,True,9,MQTT,10.86.251.45,1883,flooding,True,pulse,CRITICAL,1,1,2,1,5,3,2,1,0,0,0,CRITICAL,12
1547993,PULSE_ESP32_001,ESP32_Pulse_Oximeter,ICU,True,9,MQTT,10.86.251.45,1883,flooding,True,pulse,CRITICAL,1,1,2,1,5,3,2,1,0,0,0,CRITICAL,12
1548043,PULSE_ESP32_001,ESP32_Pulse_Oximeter,ICU,True,9,MQTT,10.86.251.45,1883,flooding,True,pulse,CRITICAL,1,1,2,1,5,3,2,1,0,0,0,CRITICAL,12
1548093,PULSE_ESP32_001,ESP32_Pulse_Oximeter,ICU,True,9,MQTT,10.86.251.45,1883,flooding,True,pulse,CRITICAL,1,1,2,1,5,3,2,1,0,0,0,CRITICAL,12
1548143,PULSE_ESP32_001,ESP32_Pulse_Oximeter,ICU,True,9,MQTT,10.86.251.45,1883,flooding,True,pulse,CRITICAL,1,1,2,1,5,3,2,1,0,0,0,CRITICAL,12
1548193,PULSE_ESP32_001,ESP32_Pulse_Oximeter,ICU,True,9,MQTT,10.86.251.45,1883,flooding,True,pulse,CRITICAL,1,1,2,1,5,3,2,1,0,0,0,CRITICAL,12
1548243,PULSE_ESP32_001,ESP32_Pulse_Oximeter,ICU,True,9,MQTT,10.86.251.45,1883,flooding,True,pulse,CRITICAL,1,1,2,1,5,3,2,1,0,0,0,CRITICAL,12
1548293,PULSE_ESP32_001,ESP32_Pulse_Oximeter,ICU,True,9,MQTT,10.86.251.45,1883,flooding,True,pulse,CRITICAL,1,1,2,1,5,3,2,1,0,0,0,CRITICAL,12
1548343,PULSE_ESP32_001,ESP32_Pulse_Oximeter,ICU,True,9,MQTT,10.86.251.45,1883,flooding,True,pulse,CRITICAL,1,1,2,1,5,3,2,1,0,0,0,CRITICAL,12
1548393,PULSE_ESP32_001,ESP32_Pulse_Oximeter,ICU,True,9,MQTT,10.86.251.45,1883,flooding,True,pulse,CRITICAL,1,1,2,1,5,3,2,1,0,0,0,CRITICAL,12
1548443,PULSE_ESP32_001,ESP32_Pulse_Oximeter,ICU,True,9,MQTT,10.86.251.45,1883,flooding,True,pulse,CRITICAL,1,1,2,1,5,3,2,1,0,0,0,CRITICAL,12
1548493,PULSE_ESP32_001,ESP32_Pulse_Oximeter,ICU,True,9,MQTT,10.86.251.45,1883,flooding,True,pulse,CRITICAL,1,1,2,1,5,3,2,1,0,0,0,CRITICAL,12
1548543,PULSE_ESP32_001,ESP32_Pulse_Oximeter,ICU,True,9,MQTT,10.86.251.45,1883,flooding,True,pulse,CRITICAL,1,1,2,1,5,3,2,1,0,0,0,CRITICAL,12
1548593,PULSE_ESP32_001,ESP32_Pulse_Oximeter,ICU,True,9,MQTT,10.86.251.45,1883,flooding,True,pulse,CRITICAL,1,1,2,1,5,3,2,1,0,0,0,CRITICAL,12
1548643,PULSE_ESP32_001,ESP32_Pulse_Oximeter,ICU,True,9,MQTT,10.86.251.45,1883,flooding,True,pulse,CRITICAL,1,1,2,1,5,3,2,1,0,0,0,CRITICAL,12
1548693,PULSE_ESP32_001,ESP32_Pulse_Oximeter,ICU,True,9,MQTT,10.86.251.45,1883,flooding,True,pulse,CRITICAL,1,1,2,1,5,3,2,1,0,0,0,CRITICAL,12
1548743,PULSE_ESP32_001,ESP32_Pulse_Oximeter,ICU,True,9,MQTT,10.86.251.45,1883,flooding,True,pulse,CRITICAL,1,1,2,1,5,3,2,1,0,0,0,CRITICAL,12
1548793,PULSE_ESP32_001,ESP32_Pulse_Oximeter,ICU,True,9,MQTT,10.86.251.45,1883,flooding,True,pulse,CRITICAL,1,1,2,1,5,3,2,1,0,0,0,CRITICAL,12
1548843,PULSE_ESP32_001,ESP32_Pulse_Oximeter,ICU,True,9,MQTT,10.86.251.45,1883,flooding,True,pulse,CRITICAL,1,1,2,1,5,3,2,1,0,0,0,CRITICAL,12
1548893,PULSE_ESP32_001,ESP32_Pulse_Oximeter,ICU,True,9,MQTT,10.86.251.45,1883,flooding,True,pulse,CRITICAL,1,1,2,1,5,3,2,1,0,0,0,CRITICAL,12
1599524,PULSE_ESP32_001,ESP32_Pulse_Oximeter,ICU,True,9,MQTT,10.37.210.201,1883,ip_spoofing,True,pulse,CRITICAL,1,1,2,1,5,4,2,1,0,0,0,CRITICAL,13
1601532,PULSE_ESP32_001,ESP32_Pulse_Oximeter,ICU,True,9,MQTT,10.68.0.109,1883,ip_spoofing,True,pulse,CRITICAL,1,1,2,1,5,4,2,1,0,0,0,CRITICAL,13
1603551,PULSE_ESP32_001,ESP32_Pulse_Oximeter,ICU,True,9,MQTT,10.101.9.76,1883,ip_spoofing,True,pulse,CRITICAL,1,1,2,1,5,4,2,1,0,0,0,CRITICAL,13
1605572,PULSE_ESP32_001,ESP32_Pulse_Oximeter,ICU,True,9,MQTT,10.90.60.128,1883,ip_spoofing,True,pulse,CRITICAL,1,1,2,1,5,4,2,1,0,0,0,CRITICAL,13
1607596,PULSE_ESP32_001,ESP32_Pulse_Oximeter,ICU,True,9,MQTT,10.197.206.209,1883,ip_spoofing,True,pulse,CRITICAL,1,1,2,1,5,4,2,1,0,0,0,CRITICAL,13
1609604,PULSE_ESP32_001,ESP32_Pulse_Oximeter,ICU,True,9,MQTT,10.253.39.38,1883,ip_spoofing,True,pulse,CRITICAL,1,1,2,1,5,4,2,1,0,0,0,CRITICAL,13
1611610,PULSE_ESP32_001,ESP32_Pulse_Oximeter,ICU,True,9,MQTT,10.144.213.112,1883,ip_spoofing,True,pulse,CRITICAL,1,1,2,1,5,4,2,1,0,0,0,CRITICAL,13
1613644,PULSE_ESP32_001,ESP32_Pulse_Oximeter,ICU,True,9,MQTT,10.74.236.193,1883,ip_spoofing,True,pulse,CRITICAL,1,1,2,1,5,4,2,1,0,0,0,CRITICAL,13
1615651,PULSE_ESP32_001,ESP32_Pulse_Oximeter,ICU,True,9,MQTT,10.119.180.77,1883,ip_spoofing,True,pulse,CRITICAL,1,1,2,1,5,4,2,1,0,0,0,CRITICAL,13
1617666,PULSE_ESP32_001,ESP32_Pulse_Oximeter,ICU,True,9,MQTT,10.149.119.228,1883,ip_spoofing,True,pulse,CRITICAL,1,1,2,1,5,4,2,1,0,0,0,CRITICAL,13
1619677,PULSE_ESP32_001,ESP32_Pulse_Oximeter,ICU,True,9,MQTT,10.163.18.241,1883,ip_spoofing,True,pulse,CRITICAL,1,1,2,1,5,4,2,1,0,0,0,CRITICAL,13
1621707,PULSE_ESP32_001,ESP32_Pulse_Oximeter,ICU,True,9,MQTT,10.82.198.202,1883,ip_spoofing,True,pulse,CRITICAL,1,1,2,1,5,4,2,1,0,0,0,CRITICAL,13
1623714,PULSE_ESP32_001,ESP32_Pulse_Oximeter,ICU,True,9,MQTT,10.132.18.144,1883,ip_spoofing,True,pulse,CRITICAL,1,1,2,1,5,4,2,1,0,0,0,CRITICAL,13
1625741,PULSE_ESP32_001,ESP32_Pulse_Oximeter,ICU,True,9,MQTT,10.80.59.134,1883,ip_spoofing,True,pulse,CRITICAL,1,1,2,1,5,4,2,1,0,0,0,CRITICAL,13
1627751,PULSE_ESP32_001,ESP32_Pulse_Oximeter,ICU,True,9,MQTT,10.167.26.124,1883,ip_spoofing,True,pulse,CRITICAL,1,1,2,1,5,4,2,1,0,0,0,CRITICAL,13
1629771,PULSE_ESP32_001,ESP32_Pulse_Oximeter,ICU,True,9,MQTT,10.254.76.147,1883,ip_spoofing,True,pulse,CRITICAL,1,1,2,1,5,4,2,1,0,0,0,CRITICAL,13
1631781,PULSE_ESP32_001,ESP32_Pulse_Oximeter,ICU,True,9,MQTT,10.222.44.228,1883,ip_spoofing,True,pulse,CRITICAL,1,1,2,1,5,4,2,1,0,0,0,CRITICAL,13
1633818,PULSE_ESP32_001,ESP32_Pulse_Oximeter,ICU,True,9,MQTT,10.76.121.126,1883,ip_spoofing,True,pulse,CRITICAL,1,1,2,1,5,4,2,1,0,0,0,CRITICAL,13
1635825,PULSE_ESP32_001,ESP32_Pulse_Oximeter,ICU,True,9,MQTT,10.123.211.12,1883,ip_spoofing,True,pulse,CRITICAL,1,1,2,1,5,4,2,1,0,0,0,CRITICAL,13
1637844,PULSE_ESP32_001,ESP32_Pulse_Oximeter,ICU,True,9,MQTT,10.127.24.213,1883,ip_spoofing,True,pulse,CRITICAL,1,1,2,1,5,4,2,1,0,0,0,CRITICAL,13
1680259,PULSE_ESP32_001,ESP32_Pulse_Oximeter,ICU,True,9,MQTT,10.86.251.45,1883,data_tampering,True,pulse,CRITICAL,1,1,2,1,5,0,2,1,0,0,0,CRITICAL,14
1682262,PULSE_ESP32_001,ESP32_Pulse_Oximeter,ICU,True,9,MQTT,10.86.251.45,1883,data_tampering,True,pulse,CRITICAL,1,1,2,1,5,0,2,1,0,0,0,CRITICAL,14
1684272,PULSE_ESP32_001,ESP32_Pulse_Oximeter,ICU,True,9,MQTT,10.86.251.45,1883,data_tampering,True,pulse,CRITICAL,1,1,2,1,5,0,2,1,0,0,0,CRITICAL,14
1686278,PULSE_ESP32_001,ESP32_Pulse_Oximeter,ICU,True,9,MQTT,10.86.251.45,1883,data_tampering,True,pulse,CRITICAL,1,1,2,1,5,0,2,1,0,0,0,CRITICAL,14
1688293,PULSE_ESP32_001,ESP32_Pulse_Oximeter,ICU,True,9,MQTT,10.86.251.45,1883,data_tampering,True,pulse,CRITICAL,1,1,2,1,5,0,2,1,0,0,0,CRITICAL,14
1690316,PULSE_ESP32_001,ESP32_Pulse_Oximeter,ICU,True,9,MQTT,10.86.251.45,1883,data_tampering,True,pulse,CRITICAL,1,1,2,1,5,0,2,1,0,0,0,CRITICAL,14
1692339,PULSE_ESP32_001,ESP32_Pulse_Oximeter,ICU,True,9,MQTT,10.86.251.45,1883,data_tampering,True,pulse,CRITICAL,1,1,2,1,5,0,2,1,0,0,0,CRITICAL,14
1694367,PULSE_ESP32_001,ESP32_Pulse_Oximeter,ICU,True,9,MQTT,10.86.251.45,1883,data_tampering,True,pulse,CRITICAL,1,1,2,1,5,0,2,1,0,0,0,CRITICAL,14
1696395,PULSE_ESP32_001,ESP32_Pulse_Oximeter,ICU,True,9,MQTT,10.86.251.45,1883,data_tampering,True,pulse,CRITICAL,1,1,2,1,5,0,2,1,0,0,0,CRITICAL,14
1698398,PULSE_ESP32_001,ESP32_Pulse_Oximeter,ICU,True,9,MQTT,10.86.251.45,1883,data_tampering,True,pulse,CRITICAL,1,1,2,1,5,0,2,1,0,0,0,CRITICAL,14
1700402,PULSE_ESP32_001,ESP32_Pulse_Oximeter,ICU,True,9,MQTT,10.86.251.45,1883,data_tampering,True,pulse,CRITICAL,1,1,2,1,5,0,2,1,0,0,0,CRITICAL,14
1702408,PULSE_ESP32_001,ESP32_Pulse_Oximeter,ICU,True,9,MQTT,10.86.251.45,1883,data_tampering,True,pulse,CRITICAL,1,1,2,1,5,0,2,1,0,0,0,CRITICAL,14
1704445,PULSE_ESP32_001,ESP32_Pulse_Oximeter,ICU,True,9,MQTT,10.86.251.45,1883,data_tampering,True,pulse,CRITICAL,1,1,2,1,5,0,2,1,0,0,0,CRITICAL,14
1706469,PULSE_ESP32_001,ESP32_Pulse_Oximeter,ICU,True,9,MQTT,10.86.251.45,1883,data_tampering,True,pulse,CRITICAL,1,1,2,1,5,0,2,1,0,0,0,CRITICAL,14
1708495,PULSE_ESP32_001,ESP32_Pulse_Oximeter,ICU,True,9,MQTT,10.86.251.45,1883,data_tampering,True,pulse,CRITICAL,1,1,2,1,5,0,2,1,0,0,0,CRITICAL,14
1710496,PULSE_ESP32_001,ESP32_Pulse_Oximeter,ICU,True,9,MQTT,10.86.251.45,1883,data_tampering,True,pulse,CRITICAL,1,1,2,1,5,0,2,1,0,0,0,CRITICAL,14
1712527,PULSE_ESP32_001,ESP32_Pulse_Oximeter,ICU,True,9,MQTT,10.86.251.45,1883,data_tampering,True,pulse,CRITICAL,1,1,2,1,5,0,2,1,0,0,0,CRITICAL,14
1714540,PULSE_ESP32_001,ESP32_Pulse_Oximeter,ICU,True,9,MQTT,10.86.251.45,1883,data_tampering,True,pulse,CRITICAL,1,1,2,1,5,0,2,1,0,0,0,CRITICAL,14
1716544,PULSE_ESP32_001,ESP32_Pulse_Oximeter,ICU,True,9,MQTT,10.86.251.45,1883,data_tampering,True,pulse,CRITICAL,1,1,2,1,5,0,2,1,0,0,0,CRITICAL,14
1718567,PULSE_ESP32_001,ESP32_Pulse_Oximeter,ICU,True,9,MQTT,10.86.251.45,1883,data_tampering,True,pulse,CRITICAL,1,1,2,1,5,0,2,1,0,0,0,CRITICAL,14
1781131,PULSE_229,ESP32_Pulse_Oximeter,ICU,True,9,TCP,172.27.32.11,4444,ddos,True,pulse,CRITICAL,1,1,2,1,7,1,2,1,1,0,1,CRITICAL,15
1781161,PULSE_657,ESP32_Pulse_Oximeter,ICU,True,9,TCP,172.21.4.166,8080,ddos,True,pulse,CRITICAL,1,1,2,1,7,1,2,1,1,0,1,CRITICAL,15
1781191,PULSE_118,ESP32_Pulse_Oximeter,ICU,True,9,HTTP,172.22.121.198,8080,ddos,True,pulse,CRITICAL,1,1,2,1,3,1,2,1,1,0,1,CRITICAL,15
1781221,PULSE_120,ESP32_Pulse_Oximeter,ICU,True,9,TCP,172.24.103.237,4444,ddos,True,pulse,CRITICAL,1,1,2,1,7,1,2,1,1,0,1,CRITICAL,15
1781251,PULSE_957,ESP32_Pulse_Oximeter,ICU,True,9,TCP,172.22.163.241,1883,ddos,True,pulse,CRITICAL,1,1,2,1,7,1,2,1,0,0,1,CRITICAL,15
1781281,PULSE_849,ESP32_Pulse_Oximeter,ICU,True,9,HTTP,172.30.203.29,1883,ddos,True,pulse,CRITICAL,1,1,2,1,3,1,2,1,0,0,1,CRITICAL,15
1781311,PULSE_832,ESP32_Pulse_Oximeter,ICU,True,9,TCP,172.28.153.11,1883,ddos,True,pulse,CRITICAL,1,1,2,1,7,1,2,1,0,0,1,CRITICAL,15
1781341,PULSE_999,ESP32_Pulse_Oximeter,ICU,True,9,MQTT,172.22.173.99,8080,ddos,True,pulse,CRITICAL,1,1,2,1,5,1,2,1,1,0,0,CRITICAL,15
1781371,PULSE_592,ESP32_Pulse_Oximeter,ICU,True,9,TCP,172.25.10.254,8080,ddos,True,pulse,CRITICAL,1,1,2,1,7,1,2,1,1,0,1,CRITICAL,15
1781401,PULSE_764,ESP32_Pulse_Oximeter,ICU,True,9,MQTT,172.28.142.151,1883,ddos,True,pulse,CRITICAL,1,1,2,1,5,1,2,1,0,0,0,CRITICAL,15
1781431,PULSE_542,ESP32_Pulse_Oximeter,ICU,True,9,HTTP,172.25.231.71,4444,ddos,True,pulse,CRITICAL,1,1,2,1,3,1,2,1,1,0,1,CRITICAL,15
1781461,PULSE_327,ESP32_Pulse_Oximeter,ICU,True,9,MQTT,172.28.209.233,4444,ddos,True,pulse,CRITICAL,1,1,2,1,5,1,2,1,1,0,0,CRITICAL,15
1781491,PULSE_229,ESP32_Pulse_Oximeter,ICU,True,9,TCP,172.31.120.40,8080,ddos,True,pulse,CRITICAL,1,1,2,1,7,1,2,1,1,0,1,CRITICAL,15
1781521,PULSE_229,ESP32_Pulse_Oximeter,ICU,True,9,MQTT,172.19.103.165,4444,ddos,True,pulse,CRITICAL,1,1,2,1,5,1,2,1,1,0,0,CRITICAL,15
1781551,PULSE_533,ESP32_Pulse_Oximeter,ICU,True,9,TCP,172.16.3.172,1883,ddos,True,pulse,CRITICAL,1,1,2,1,7,1,2,1,0,0,1,CRITICAL,15
1781581,PULSE_993,ESP32_Pulse_Oximeter,ICU,True,9,HTTP,172.23.169.109,1883,ddos,True,pulse,CRITICAL,1,1,2,1,3,1,2,1,0,0,1,CRITICAL,15
1781611,PULSE_744,ESP32_Pulse_Oximeter,ICU,True,9,HTTP,172.28.138.244,1883,ddos,True,pulse,CRITICAL,1,1,2,1,3,1,2,1,0,0,1,CRITICAL,15
1781641,PULSE_447,ESP32_Pulse_Oximeter,ICU,True,9,TCP,172.18.95.178,4444,ddos,True,pulse,CRITICAL,1,1,2,1,7,1,2,1,1,0,1,CRITICAL,15
1781671,PULSE_732,ESP32_Pulse_Oximeter,ICU,True,9,HTTP,172.20.209.157,4444,ddos,True,pulse,CRITICAL,1,1,2,1,3,1,2,1,1,0,1,CRITICAL,15
1781701,PULSE_342,ESP32_Pulse_Oximeter,ICU,True,9,HTTP,172.16.236.120,4444,ddos,True,pulse,CRITICAL,1,1,2,1,3,1,2,1,1,0,1,CRITICAL,15
1781731,PULSE_491,ESP32_Pulse_Oximeter,ICU,True,9,TCP,172.30.122.142,1883,ddos,True,pulse,CRITICAL,1,1,2,1,7,1,2,1,0,0,1,CRITICAL,15
1781761,PULSE_276,ESP32_Pulse_Oximeter,ICU,True,9,MQTT,172.19.55.61,1883,ddos,True,pulse,CRITICAL,1,1,2,1,5,1,2,1,0,0,0,CRITICAL,15
1781791,PULSE_421,ESP32_Pulse_Oximeter,ICU,True,9,TCP,172.18.68.139,1883,ddos,True,pulse,CRITICAL,1,1,2,1,7,1,2,1,0,0,1,CRITICAL,15
1781821,PULSE_790,ESP32_Pulse_Oximeter,ICU,True,9,TCP,172.31.48.99,8080,ddos,True,pulse,CRITICAL,1,1,2,1,7,1,2,1,1,0,1,CRITICAL,15
1781851,PULSE_558,ESP32_Pulse_Oximeter,ICU,True,9,TCP,172.16.145.3,8080,ddos,True,pulse,CRITICAL,1,1,2,1,7,1,2,1,1,0,1,CRITICAL,15
1781881,PULSE_249,ESP32_Pulse_Oximeter,ICU,True,9,HTTP,172.16.8.99,8080,ddos,True,pulse,CRITICAL,1,1,2,1,3,1,2,1,1,0,1,CRITICAL,15
1781911,PULSE_948,ESP32_Pulse_Oximeter,ICU,True,9,TCP,172.26.96.22,8080,ddos,True,pulse,CRITICAL,1,1,2,1,7,1,2,1,1,0,1,CRITICAL,15
1781941,PULSE_737,ESP32_Pulse_Oximeter,ICU,True,9,TCP,172.26.88.219,4444,ddos,True,pulse,CRITICAL,1,1,2,1,7,1,2,1,1,0,1,CRITICAL,15
1781971,PULSE_208,ESP32_Pulse_Oximeter,ICU,True,9,TCP,172.22.181.151,4444,ddos,True,pulse,CRITICAL,1,1,2,1,7,1,2,1,1,0,1,CRITICAL,15
1782001,PULSE_833,ESP32_Pulse_Oximeter,ICU,True,9,HTTP,172.22.32.203,8080,ddos,True,pulse,CRITICAL,1,1,2,1,3,1,2,1,1,0,1,CRITICAL,15
102997,MOTION_ESP32_001,ESP32_Fall_Detection_Motion,Ward_01,False,5,BLE_MQTT,10.98.160.21,1883,sensor_spoofing,True,motion,MEDIUM,0,1,1,2,0,8,1,0,0,0,0,MEDIUM,16
108016,MOTION_ESP32_001,ESP32_Fall_Detection_Motion,Ward_01,False,5,BLE_MQTT,10.98.160.21,1883,sensor_spoofing,True,motion,MEDIUM,0,1,1,2,0,8,1,0,0,0,0,MEDIUM,16
113063,MOTION_ESP32_001,ESP32_Fall_Detection_Motion,Ward_01,False,5,BLE_MQTT,10.98.160.21,1883,sensor_spoofing,True,motion,MEDIUM,0,1,1,2,0,8,1,0,0,0,0,MEDIUM,16
118114,MOTION_ESP32_001,ESP32_Fall_Detection_Motion,Ward_01,False,5,BLE_MQTT,10.98.160.21,1883,sensor_spoofing,True,motion,MEDIUM,0,1,1,2,0,8,1,0,0,0,0,MEDIUM,16
123170,MOTION_ESP32_001,ESP32_Fall_Detection_Motion,Ward_01,False,5,BLE_MQTT,10.98.160.21,1883,sensor_spoofing,True,motion,MEDIUM,0,1,1,2,0,8,1,0,0,0,0,MEDIUM,16
128192,MOTION_ESP32_001,ESP32_Fall_Detection_Motion,Ward_01,False,5,BLE_MQTT,10.98.160.21,1883,sensor_spoofing,True,motion,MEDIUM,0,1,1,2,0,8,1,0,0,0,0,MEDIUM,16
133242,MOTION_ESP32_001,ESP32_Fall_Detection_Motion,Ward_01,False,5,BLE_MQTT,10.98.160.21,1883,sensor_spoofing,True,motion,MEDIUM,0,1,1,2,0,8,1,0,0,0,0,MEDIUM,16
138272,MOTION_ESP32_001,ESP32_Fall_Detection_Motion,Ward_01,False,5,BLE_MQTT,10.98.160.21,1883,sensor_spoofing,True,motion,MEDIUM,0,1,1,2,0,8,1,0,0,0,0,MEDIUM,16
143343,MOTION_ESP32_001,ESP32_Fall_Detection_Motion,Ward_01,False,5,BLE_MQTT,10.98.160.21,1883,sensor_spoofing,True,motion,MEDIUM,0,1,1,2,0,8,1,0,0,0,0,MEDIUM,16
148378,MOTION_ESP32_001,ESP32_Fall_Detection_Motion,Ward_01,False,5,BLE_MQTT,10.98.160.21,1883,sensor_spoofing,True,motion,MEDIUM,0,1,1,2,0,8,1,0,0,0,0,MEDIUM,16
153419,MOTION_ESP32_001,ESP32_Fall_Detection_Motion,Ward_01,False,5,BLE_MQTT,10.98.160.21,1883,sensor_spoofing,True,motion,MEDIUM,0,1,1,2,0,8,1,0,0,0,0,MEDIUM,16
158414,MOTION_ESP32_001,ESP32_Fall_Detection_Motion,Ward_01,False,5,BLE_MQTT,10.98.160.21,1883,sensor_spoofing,True,motion,MEDIUM,0,1,1,2,0,8,1,0,0,0,0,MEDIUM,16
163429,MOTION_ESP32_001,ESP32_Fall_Detection_Motion,Ward_01,False,5,BLE_MQTT,10.98.160.21,1883,sensor_spoofing,True,motion,MEDIUM,0,1,1,2,0,8,1,0,0,0,0,MEDIUM,16
168504,MOTION_ESP32_001,ESP32_Fall_Detection_Motion,Ward_01,False,5,BLE_MQTT,10.98.160.21,1883,sensor_spoofing,True,motion,MEDIUM,0,1,1,2,0,8,1,0,0,0,0,MEDIUM,16
173591,MOTION_ESP32_001,ESP32_Fall_Detection_Motion,Ward_01,False,5,BLE_MQTT,10.98.160.21,1883,sensor_spoofing,True,motion,MEDIUM,0,1,1,2,0,8,1,0,0,0,0,MEDIUM,16
254289,MOTION_ESP32_001,ESP32_Fall_Detection_Motion,Ward_01,False,5,BLE_MQTT,10.98.160.21,6666,mqtt_port_manipulation,True,motion,MEDIUM,0,1,1,2,0,5,1,0,1,0,0,MEDIUM,17
259284,MOTION_ESP32_001,ESP32_Fall_Detection_Motion,Ward_01,False,5,BLE_MQTT,10.98.160.21,4444,mqtt_port_manipulation,True,motion,MEDIUM,0,1,1,2,0,5,1,0,1,0,0,MEDIUM,17
264375,MOTION_ESP32_001,ESP32_Fall_Detection_Motion,Ward_01,False,5,BLE_MQTT,10.98.160.21,4444,mqtt_port_manipulation,True,motion,MEDIUM,0,1,1,2,0,5,1,0,1,0,0,MEDIUM,17
269415,MOTION_ESP32_001,ESP32_Fall_Detection_Motion,Ward_01,False,5,BLE_MQTT,10.98.160.21,9001,mqtt_port_manipulation,True,motion,MEDIUM,0,1,1,2,0,5,1,0,1,0,0,MEDIUM,17
274469,MOTION_ESP32_001,ESP32_Fall_Detection_Motion,Ward_01,False,5,BLE_MQTT,10.98.160.21,4444,mqtt_port_manipulation,True,motion,MEDIUM,0,1,1,2,0,5,1,0,1,0,0,MEDIUM,17
279499,MOTION_ESP32_001,ESP32_Fall_Detection_Motion,Ward_01,False,5,BLE_MQTT,10.98.160.21,9001,mqtt_port_manipulation,True,motion,MEDIUM,0,1,1,2,0,5,1,0,1,0,0,MEDIUM,17
284537,MOTION_ESP32_001,ESP32_Fall_Detection_Motion,Ward_01,False,5,BLE_MQTT,10.98.160.21,4444,mqtt_port_manipulation,True,motion,MEDIUM,0,1,1,2,0,5,1,0,1,0,0,MEDIUM,17
289604,MOTION_ESP32_001,ESP32_Fall_Detection_Motion,Ward_01,False,5,BLE_MQTT,10.98.160.21,6666,mqtt_port_manipulation,True,motion,MEDIUM,0,1,1,2,0,5,1,0,1,0,0,MEDIUM,17
294681,MOTION_ESP32_001,ESP32_Fall_Detection_Motion,Ward_01,False,5,BLE_MQTT,10.98.160.21,9001,mqtt_port_manipulation,True,motion,MEDIUM,0,1,1,2,0,5,1,0,1,0,0,MEDIUM,17
299715,MOTION_ESP32_001,ESP32_Fall_Detection_Motion,Ward_01,False,5,BLE_MQTT,10.98.160.21,9001,mqtt_port_manipulation,True,motion,MEDIUM,0,1,1,2,0,5,1,0,1,0,0,MEDIUM,17
304771,MOTION_ESP32_001,ESP32_Fall_Detection_Motion,Ward_01,False,5,BLE_MQTT,10.98.160.21,6666,mqtt_port_manipulation,True,motion,MEDIUM,0,1,1,2,0,5,1,0,1,0,0,MEDIUM,17
309765,MOTION_ESP32_001,ESP32_Fall_Detection_Motion,Ward_01,False,5,BLE_MQTT,10.98.160.21,4444,mqtt_port_manipulation,True,motion,MEDIUM,0,1,1,2,0,5,1,0,1,0,0,MEDIUM,17
314848,MOTION_ESP32_001,ESP32_Fall_Detection_Motion,Ward_01,False,5,BLE_MQTT,10.98.160.21,4444,mqtt_port_manipulation,True,motion,MEDIUM,0,1,1,2,0,5,1,0,1,0,0,MEDIUM,17
319898,MOTION_ESP32_001,ESP32_Fall_Detection_Motion,Ward_01,False,5,BLE_MQTT,10.98.160.21,6666,mqtt_port_manipulation,True,motion,MEDIUM,0,1,1,2,0,5,1,0,1,0,0,MEDIUM,17
324981,MOTION_ESP32_001,ESP32_Fall_Detection_Motion,Ward_01,False,5,BLE_MQTT,10.98.160.21,4444,mqtt_port_manipulation,True,motion,MEDIUM,0,1,1,2,0,5,1,0,1,0,0,MEDIUM,17
405848,CLONE_MPU,ESP32_Fall_Detection_Motion,Ward_01,False,5,BLE_MQTT,10.98.160.21,1883,device_identity_spoofing,True,motion,HIGH,0,1,1,2,0,2,1,0,0,1,0,HIGH,18
410925,ROGUE_MOTION_001,ESP32_Fall_Detection_Motion,Ward_01,False,5,BLE_MQTT,10.98.160.21,1883,device_identity_spoofing,True,motion,HIGH,0,1,1,2,0,2,1,0,0,1,0,HIGH,18
415986,UNKNOWN_DEVICE,ESP32_Fall_Detection_Motion,Ward_01,False,5,BLE_MQTT,10.98.160.21,1883,device_identity_spoofing,True,motion,HIGH,0,1,1,2,0,2,1,0,0,1,0,HIGH,18
421068,ROGUE_MOTION_001,ESP32_Fall_Detection_Motion,Ward_01,False,5,BLE_MQTT,10.98.160.21,1883,device_identity_spoofing,True,motion,HIGH,0,1,1,2,0,2,1,0,0,1,0,HIGH,18
426071,UNKNOWN_DEVICE,ESP32_Fall_Detection_Motion,Ward_01,False,5,BLE_MQTT,10.98.160.21,1883,device_identity_spoofing,True,motion,HIGH,0,1,1,2,0,2,1,0,0,1,0,HIGH,18
431104,GHOST_IMU,ESP32_Fall_Detection_Motion,Ward_01,False,5,BLE_MQTT,10.98.160.21,1883,device_identity_spoofing,True,motion,HIGH,0,1,1,2,0,2,1,0,0,1,0,HIGH,18
436107,ROGUE_MOTION_001,ESP32_Fall_Detection_Motion,Ward_01,False,5,BLE_MQTT,10.98.160.21,1883,device_identity_spoofing,True,motion,HIGH,0,1,1,2,0,2,1,0,0,1,0,HIGH,18
441185,CLONE_MPU,ESP32_Fall_Detection_Motion,Ward_01,False,5,BLE_MQTT,10.98.160.21,1883,device_identity_spoofing,True,motion,HIGH,0,1,1,2,0,2,1,0,0,1,0,HIGH,18
446265,UNKNOWN_DEVICE,ESP32_Fall_Detection_Motion,Ward_01,False,5,BLE_MQTT,10.98.160.21,1883,device_identity_spoofing,True,motion,HIGH,0,1,1,2,0,2,1,0,0,1,0,HIGH,18
451280,UNKNOWN_DEVICE,ESP32_Fall_Detection_Motion,Ward_01,False,5,BLE_MQTT,10.98.160.21,1883,device_identity_spoofing,True,motion,HIGH,0,1,1,2,0,2,1,0,0,1,0,HIGH,18
456346,UNKNOWN_DEVICE,ESP32_Fall_Detection_Motion,Ward_01,False,5,BLE_MQTT,10.98.160.21,1883,device_identity_spoofing,True,motion,HIGH,0,1,1,2,0,2,1,0,0,1,0,HIGH,18
461361,UNKNOWN_DEVICE,ESP32_Fall_Detection_Motion,Ward_01,False,5,BLE_MQTT,10.98.160.21,1883,device_identity_spoofing,True,motion,HIGH,0,1,1,2,0,2,1,0,0,1,0,HIGH,18
466423,CLONE_MPU,ESP32_Fall_Detection_Motion,Ward_01,False,5,BLE_MQTT,10.98.160.21,1883,device_identity_spoofing,True,motion,HIGH,0,1,1,2,0,2,1,0,0,1,0,HIGH,18
471476,UNKNOWN_DEVICE,ESP32_Fall_Detection_Motion,Ward_01,False,5,BLE_MQTT,10.98.160.21,1883,device_identity_spoofing,True,motion,HIGH,0,1,1,2,0,2,1,0,0,1,0,HIGH,18
476471,GHOST_IMU,ESP32_Fall_Detection_Motion,Ward_01,False,5,BLE_MQTT,10.98.160.21,1883,device_identity_spoofing,True,motion,HIGH,0,1,1,2,0,2,1,0,0,1,0,HIGH,18
557162,MOTION_ESP32_001,ESP32_Fall_Detection_Motion,Ward_01,False,5,CoAP_HIJACK,10.98.160.21,443,protocol_anomaly,True,motion,MEDIUM,0,1,1,2,1,7,1,0,1,0,1,MEDIUM,19
562208,MOTION_ESP32_001,ESP32_Fall_Detection_Motion,Ward_01,False,5,CoAP_HIJACK,10.98.160.21,443,protocol_anomaly,True,motion,MEDIUM,0,1,1,2,1,7,1,0,1,0,1,MEDIUM,19
567252,MOTION_ESP32_001,ESP32_Fall_Detection_Motion,Ward_01,False,5,HTTP,10.98.160.21,443,protocol_anomaly,True,motion,MEDIUM,0,1,1,2,3,7,1,0,1,0,1,MEDIUM,19
572287,MOTION_ESP32_001,ESP32_Fall_Detection_Motion,Ward_01,False,5,RAW_TCP,10.98.160.21,5683,protocol_anomaly,True,motion,MEDIUM,0,1,1,2,6,7,1,0,1,0,1,MEDIUM,19
577319,MOTION_ESP32_001,ESP32_Fall_Detection_Motion,Ward_01,False,5,HTTPS,10.98.160.21,443,protocol_anomaly,True,motion,MEDIUM,0,1,1,2,4,7,1,0,1,0,1,MEDIUM,19
582355,MOTION_ESP32_001,ESP32_Fall_Detection_Motion,Ward_01,False,5,HTTP,10.98.160.21,80,protocol_anomaly,True,motion,MEDIUM,0,1,1,2,3,7,1,0,1,0,1,MEDIUM,19
587413,MOTION_ESP32_001,ESP32_Fall_Detection_Motion,Ward_01,False,5,CoAP_HIJACK,10.98.160.21,5683,protocol_anomaly,True,motion,MEDIUM,0,1,1,2,1,7,1,0,1,0,1,MEDIUM,19
592492,MOTION_ESP32_001,ESP32_Fall_Detection_Motion,Ward_01,False,5,HTTP,10.98.160.21,5683,protocol_anomaly,True,motion,MEDIUM,0,1,1,2,3,7,1,0,1,0,1,MEDIUM,19
597562,MOTION_ESP32_001,ESP32_Fall_Detection_Motion,Ward_01,False,5,CoAP_HIJACK,10.98.160.21,443,protocol_anomaly,True,motion,MEDIUM,0,1,1,2,1,7,1,0,1,0,1,MEDIUM,19
602568,MOTION_ESP32_001,ESP32_Fall_Detection_Motion,Ward_01,False,5,RAW_TCP,10.98.160.21,9999,protocol_anomaly,True,motion,MEDIUM,0,1,1,2,6,7,1,0,1,0,1,MEDIUM,19
607659,MOTION_ESP32_001,ESP32_Fall_Detection_Motion,Ward_01,False,5,HTTP,10.98.160.21,80,protocol_anomaly,True,motion,MEDIUM,0,1,1,2,3,7,1,0,1,0,1,MEDIUM,19
612685,MOTION_ESP32_001,ESP32_Fall_Detection_Motion,Ward_01,False,5,CoAP_HIJACK,10.98.160.21,9999,protocol_anomaly,True,motion,MEDIUM,0,1,1,2,1,7,1,0,1,0,1,MEDIUM,19
617751,MOTION_ESP32_001,ESP32_Fall_Detection_Motion,Ward_01,False,5,RAW_TCP,10.98.160.21,9999,protocol_anomaly,True,motion,MEDIUM,0,1,1,2,6,7,1,0,1,0,1,MEDIUM,19
622755,MOTION_ESP32_001,ESP32_Fall_Detection_Motion,Ward_01,False,5,HTTPS,10.98.160.21,9999,protocol_anomaly,True,motion,MEDIUM,0,1,1,2,4,7,1,0,1,0,1,MEDIUM,19
627796,MOTION_ESP32_001,ESP32_Fall_Detection_Motion,Ward_01,False,5,HTTPS,10.98.160.21,9999,protocol_anomaly,True,motion,MEDIUM,0,1,1,2,4,7,1,0,1,0,1,MEDIUM,19
708474,MOTION_ESP32_001,ESP32_Fall_Detection_Motion,Ward_01,False,5,BLE_MQTT,10.98.160.21,1883,flooding,True,motion,LOW,0,1,1,2,0,3,1,0,0,0,0,LOW,20
708524,MOTION_ESP32_001,ESP32_Fall_Detection_Motion,Ward_01,False,5,BLE_MQTT,10.98.160.21,1883,flooding,True,motion,LOW,0,1,1,2,0,3,1,0,0,0,0,LOW,20
708574,MOTION_ESP32_001,ESP32_Fall_Detection_Motion,Ward_01,False,5,BLE_MQTT,10.98.160.21,1883,flooding,True,motion,LOW,0,1,1,2,0,3,1,0,0,0,0,LOW,20
708624,MOTION_ESP32_001,ESP32_Fall_Detection_Motion,Ward_01,False,5,BLE_MQTT,10.98.160.21,1883,flooding,True,motion,LOW,0,1,1,2,0,3,1,0,0,0,0,LOW,20
708674,MOTION_ESP32_001,ESP32_Fall_Detection_Motion,Ward_01,False,5,BLE_MQTT,10.98.160.21,1883,flooding,True,motion,LOW,0,1,1,2,0,3,1,0,0,0,0,LOW,20
708724,MOTION_ESP32_001,ESP32_Fall_Detection_Motion,Ward_01,False,5,BLE_MQTT,10.98.160.21,1883,flooding,True,motion,LOW,0,1,1,2,0,3,1,0,0,0,0,LOW,20
708774,MOTION_ESP32_001,ESP32_Fall_Detection_Motion,Ward_01,False,5,BLE_MQTT,10.98.160.21,1883,flooding,True,motion,LOW,0,1,1,2,0,3,1,0,0,0,0,LOW,20
708824,MOTION_ESP32_001,ESP32_Fall_Detection_Motion,Ward_01,False,5,BLE_MQTT,10.98.160.21,1883,flooding,True,motion,LOW,0,1,1,2,0,3,1,0,0,0,0,LOW,20
708874,MOTION_ESP32_001,ESP32_Fall_Detection_Motion,Ward_01,False,5,BLE_MQTT,10.98.160.21,1883,flooding,True,motion,LOW,0,1,1,2,0,3,1,0,0,0,0,LOW,20
708924,MOTION_ESP32_001,ESP32_Fall_Detection_Motion,Ward_01,False,5,BLE_MQTT,10.98.160.21,1883,flooding,True,motion,LOW,0,1,1,2,0,3,1,0,0,0,0,LOW,20
708974,MOTION_ESP32_001,ESP32_Fall_Detection_Motion,Ward_01,False,5,BLE_MQTT,10.98.160.21,1883,flooding,True,motion,LOW,0,1,1,2,0,3,1,0,0,0,0,LOW,20
709024,MOTION_ESP32_001,ESP32_Fall_Detection_Motion,Ward_01,False,5,BLE_MQTT,10.98.160.21,1883,flooding,True,motion,LOW,0,1,1,2,0,3,1,0,0,0,0,LOW,20
709074,MOTION_ESP32_001,ESP32_Fall_Detection_Motion,Ward_01,False,5,BLE_MQTT,10.98.160.21,1883,flooding,True,motion,LOW,0,1,1,2,0,3,1,0,0,0,0,LOW,20
709124,MOTION_ESP32_001,ESP32_Fall_Detection_Motion,Ward_01,False,5,BLE_MQTT,10.98.160.21,1883,flooding,True,motion,LOW,0,1,1,2,0,3,1,0,0,0,0,LOW,20
709174,MOTION_ESP32_001,ESP32_Fall_Detection_Motion,Ward_01,False,5,BLE_MQTT,10.98.160.21,1883,flooding,True,motion,LOW,0,1,1,2,0,3,1,0,0,0,0,LOW,20
709224,MOTION_ESP32_001,ESP32_Fall_Detection_Motion,Ward_01,False,5,BLE_MQTT,10.98.160.21,1883,flooding,True,motion,LOW,0,1,1,2,0,3,1,0,0,0,0,LOW,20
709274,MOTION_ESP32_001,ESP32_Fall_Detection_Motion,Ward_01,False,5,BLE_MQTT,10.98.160.21,1883,flooding,True,motion,LOW,0,1,1,2,0,3,1,0,0,0,0,LOW,20
709324,MOTION_ESP32_001,ESP32_Fall_Detection_Motion,Ward_01,False,5,BLE_MQTT,10.98.160.21,1883,flooding,True,motion,LOW,0,1,1,2,0,3,1,0,0,0,0,LOW,20
709374,MOTION_ESP32_001,ESP32_Fall_Detection_Motion,Ward_01,False,5,BLE_MQTT,10.98.160.21,1883,flooding,True,motion,LOW,0,1,1,2,0,3,1,0,0,0,0,LOW,20
709424,MOTION_ESP32_001,ESP32_Fall_Detection_Motion,Ward_01,False,5,BLE_MQTT,10.98.160.21,1883,flooding,True,motion,LOW,0,1,1,2,0,3,1,0,0,0,0,LOW,20
709474,MOTION_ESP32_001,ESP32_Fall_Detection_Motion,Ward_01,False,5,BLE_MQTT,10.98.160.21,1883,flooding,True,motion,LOW,0,1,1,2,0,3,1,0,0,0,0,LOW,20
709524,MOTION_ESP32_001,ESP32_Fall_Detection_Motion,Ward_01,False,5,BLE_MQTT,10.98.160.21,1883,flooding,True,motion,LOW,0,1,1,2,0,3,1,0,0,0,0,LOW,20
709574,MOTION_ESP32_001,ESP32_Fall_Detection_Motion,Ward_01,False,5,BLE_MQTT,10.98.160.21,1883,flooding,True,motion,LOW,0,1,1,2,0,3,1,0,0,0,0,LOW,20
709624,MOTION_ESP32_001,ESP32_Fall_Detection_Motion,Ward_01,False,5,BLE_MQTT,10.98.160.21,1883,flooding,True,motion,LOW,0,1,1,2,0,3,1,0,0,0,0,LOW,20
709674,MOTION_ESP32_001,ESP32_Fall_Detection_Motion,Ward_01,False,5,BLE_MQTT,10.98.160.21,1883,flooding,True,motion,LOW,0,1,1,2,0,3,1,0,0,0,0,LOW,20
760101,MOTION_ESP32_001,ESP32_Fall_Detection_Motion,Ward_01,False,5,BLE_MQTT,192.168.252.20,1883,ip_spoofing,True,motion,MEDIUM,0,1,1,2,0,4,1,0,0,0,0,MEDIUM,21
765158,MOTION_ESP32_001,ESP32_Fall_Detection_Motion,Ward_01,False,5,BLE_MQTT,192.168.61.2,1883,ip_spoofing,True,motion,MEDIUM,0,1,1,2,0,4,1,0,0,0,0,MEDIUM,21
770182,MOTION_ESP32_001,ESP32_Fall_Detection_Motion,Ward_01,False,5,BLE_MQTT,192.168.190.100,1883,ip_spoofing,True,motion,MEDIUM,0,1,1,2,0,4,1,0,0,0,0,MEDIUM,21
775180,MOTION_ESP32_001,ESP32_Fall_Detection_Motion,Ward_01,False,5,BLE_MQTT,192.168.251.242,1883,ip_spoofing,True,motion,MEDIUM,0,1,1,2,0,4,1,0,0,0,0,MEDIUM,21
780253,MOTION_ESP32_001,ESP32_Fall_Detection_Motion,Ward_01,False,5,BLE_MQTT,192.168.118.203,1883,ip_spoofing,True,motion,MEDIUM,0,1,1,2,0,4,1,0,0,0,0,MEDIUM,21
785294,MOTION_ESP32_001,ESP32_Fall_Detection_Motion,Ward_01,False,5,BLE_MQTT,192.168.96.107,1883,ip_spoofing,True,motion,MEDIUM,0,1,1,2,0,4,1,0,0,0,0,MEDIUM,21
790358,MOTION_ESP32_001,ESP32_Fall_Detection_Motion,Ward_01,False,5,BLE_MQTT,192.168.225.180,1883,ip_spoofing,True,motion,MEDIUM,0,1,1,2,0,4,1,0,0,0,0,MEDIUM,21
795402,MOTION_ESP32_001,ESP32_Fall_Detection_Motion,Ward_01,False,5,BLE_MQTT,192.168.181.106,1883,ip_spoofing,True,motion,MEDIUM,0,1,1,2,0,4,1,0,0,0,0,MEDIUM,21
800466,MOTION_ESP32_001,ESP32_Fall_Detection_Motion,Ward_01,False,5,BLE_MQTT,192.168.147.131,1883,ip_spoofing,True,motion,MEDIUM,0,1,1,2,0,4,1,0,0,0,0,MEDIUM,21
805463,MOTION_ESP32_001,ESP32_Fall_Detection_Motion,Ward_01,False,5,BLE_MQTT,192.168.125.84,1883,ip_spoofing,True,motion,MEDIUM,0,1,1,2,0,4,1,0,0,0,0,MEDIUM,21
810503,MOTION_ESP32_001,ESP32_Fall_Detection_Motion,Ward_01,False,5,BLE_MQTT,192.168.36.201,1883,ip_spoofing,True,motion,MEDIUM,0,1,1,2,0,4,1,0,0,0,0,MEDIUM,21
815584,MOTION_ESP32_001,ESP32_Fall_Detection_Motion,Ward_01,False,5,BLE_MQTT,192.168.110.185,1883,ip_spoofing,True,motion,MEDIUM,0,1,1,2,0,4,1,0,0,0,0,MEDIUM,21
820636,MOTION_ESP32_001,ESP32_Fall_Detection_Motion,Ward_01,False,5,BLE_MQTT,192.168.53.50,1883,ip_spoofing,True,motion,MEDIUM,0,1,1,2,0,4,1,0,0,0,0,MEDIUM,21
825680,MOTION_ESP32_001,ESP32_Fall_Detection_Motion,Ward_01,False,5,BLE_MQTT,192.168.58.2,1883,ip_spoofing,True,motion,MEDIUM,0,1,1,2,0,4,1,0,0,0,0,MEDIUM,21
830730,MOTION_ESP32_001,ESP32_Fall_Detection_Motion,Ward_01,False,5,BLE_MQTT,192.168.176.180,1883,ip_spoofing,True,motion,MEDIUM,0,1,1,2,0,4,1,0,0,0,0,MEDIUM,21
885907,MOTION_ESP32_001,ESP32_Fall_Detection_Motion,Ward_01,False,5,BLE_MQTT,10.98.160.21,1883,data_tampering,True,motion,HIGH,0,1,1,2,0,0,1,0,0,0,0,HIGH,22
890937,MOTION_ESP32_001,ESP32_Fall_Detection_Motion,Ward_01,False,5,BLE_MQTT,10.98.160.21,1883,data_tampering,True,motion,HIGH,0,1,1,2,0,0,1,0,0,0,0,HIGH,22
895982,MOTION_ESP32_001,ESP32_Fall_Detection_Motion,Ward_01,False,5,BLE_MQTT,10.98.160.21,1883,data_tampering,True,motion,HIGH,0,1,1,2,0,0,1,0,0,0,0,HIGH,22
900984,MOTION_ESP32_001,ESP32_Fall_Detection_Motion,Ward_01,False,5,BLE_MQTT,10.98.160.21,1883,data_tampering,True,motion,HIGH,0,1,1,2,0,0,1,0,0,0,0,HIGH,22
906020,MOTION_ESP32_001,ESP32_Fall_Detection_Motion,Ward_01,False,5,BLE_MQTT,10.98.160.21,1883,data_tampering,True,motion,HIGH,0,1,1,2,0,0,1,0,0,0,0,HIGH,22
911022,MOTION_ESP32_001,ESP32_Fall_Detection_Motion,Ward_01,False,5,BLE_MQTT,10.98.160.21,1883,data_tampering,True,motion,HIGH,0,1,1,2,0,0,1,0,0,0,0,HIGH,22
916108,MOTION_ESP32_001,ESP32_Fall_Detection_Motion,Ward_01,False,5,BLE_MQTT,10.98.160.21,1883,data_tampering,True,motion,HIGH,0,1,1,2,0,0,1,0,0,0,0,HIGH,22
921148,MOTION_ESP32_001,ESP32_Fall_Detection_Motion,Ward_01,False,5,BLE_MQTT,10.98.160.21,1883,data_tampering,True,motion,HIGH,0,1,1,2,0,0,1,0,0,0,0,HIGH,22
926147,MOTION_ESP32_001,ESP32_Fall_Detection_Motion,Ward_01,False,5,BLE_MQTT,10.98.160.21,1883,data_tampering,True,motion,HIGH,0,1,1,2,0,0,1,0,0,0,0,HIGH,22
931207,MOTION_ESP32_001,ESP32_Fall_Detection_Motion,Ward_01,False,5,BLE_MQTT,10.98.160.21,1883,data_tampering,True,motion,HIGH,0,1,1,2,0,0,1,0,0,0,0,HIGH,22
936254,MOTION_ESP32_001,ESP32_Fall_Detection_Motion,Ward_01,False,5,BLE_MQTT,10.98.160.21,1883,data_tampering,True,motion,HIGH,0,1,1,2,0,0,1,0,0,0,0,HIGH,22
941261,MOTION_ESP32_001,ESP32_Fall_Detection_Motion,Ward_01,False,5,BLE_MQTT,10.98.160.21,1883,data_tampering,True,motion,HIGH,0,1,1,2,0,0,1,0,0,0,0,HIGH,22
946261,MOTION_ESP32_001,ESP32_Fall_Detection_Motion,Ward_01,False,5,BLE_MQTT,10.98.160.21,1883,data_tampering,True,motion,HIGH,0,1,1,2,0,0,1,0,0,0,0,HIGH,22
951317,MOTION_ESP32_001,ESP32_Fall_Detection_Motion,Ward_01,False,5,BLE_MQTT,10.98.160.21,1883,data_tampering,True,motion,HIGH,0,1,1,2,0,0,1,0,0,0,0,HIGH,22
956327,MOTION_ESP32_001,ESP32_Fall_Detection_Motion,Ward_01,False,5,BLE_MQTT,10.98.160.21,1883,data_tampering,True,motion,HIGH,0,1,1,2,0,0,1,0,0,0,0,HIGH,22
986444,MOTION_547,ESP32_Fall_Detection_Motion,Ward_01,False,5,BLE_MQTT,10.118.197.42,4444,ddos,True,motion,HIGH,0,1,1,2,0,1,1,0,1,0,0,HIGH,23
986474,MOTION_233,ESP32_Fall_Detection_Motion,Ward_01,False,5,HTTP,10.81.124.126,9999,ddos,True,motion,HIGH,0,1,1,2,3,1,1,0,1,0,1,HIGH,23
986504,MOTION_465,ESP32_Fall_Detection_Motion,Ward_01,False,5,HTTP,10.138.79.148,4444,ddos,True,motion,HIGH,0,1,1,2,3,1,1,0,1,0,1,HIGH,23
986534,MOTION_427,ESP32_Fall_Detection_Motion,Ward_01,False,5,HTTP,10.190.223.131,1883,ddos,True,motion,HIGH,0,1,1,2,3,1,1,0,0,0,1,HIGH,23
986564,MOTION_711,ESP32_Fall_Detection_Motion,Ward_01,False,5,HTTP,10.128.241.16,4444,ddos,True,motion,HIGH,0,1,1,2,3,1,1,0,1,0,1,HIGH,23
986594,MOTION_172,ESP32_Fall_Detection_Motion,Ward_01,False,5,TCP,10.66.161.80,4444,ddos,True,motion,HIGH,0,1,1,2,7,1,1,0,1,0,1,HIGH,23
986624,MOTION_284,ESP32_Fall_Detection_Motion,Ward_01,False,5,HTTP,10.80.90.193,9999,ddos,True,motion,HIGH,0,1,1,2,3,1,1,0,1,0,1,HIGH,23
986654,MOTION_356,ESP32_Fall_Detection_Motion,Ward_01,False,5,TCP,10.217.123.250,9999,ddos,True,motion,HIGH,0,1,1,2,7,1,1,0,1,0,1,HIGH,23
986684,MOTION_568,ESP32_Fall_Detection_Motion,Ward_01,False,5,HTTP,10.241.103.204,1883,ddos,True,motion,HIGH,0,1,1,2,3,1,1,0,0,0,1,HIGH,23
986714,MOTION_959,ESP32_Fall_Detection_Motion,Ward_01,False,5,TCP,10.192.199.70,1883,ddos,True,motion,HIGH,0,1,1,2,7,1,1,0,0,0,1,HIGH,23
986744,MOTION_269,ESP32_Fall_Detection_Motion,Ward_01,False,5,TCP,10.177.210.101,9999,ddos,True,motion,HIGH,0,1,1,2,7,1,1,0,1,0,1,HIGH,23
986774,MOTION_779,ESP32_Fall_Detection_Motion,Ward_01,False,5,BLE_MQTT,10.158.96.120,9999,ddos,True,motion,HIGH,0,1,1,2,0,1,1,0,1,0,0,HIGH,23
986804,MOTION_118,ESP32_Fall_Detection_Motion,Ward_01,False,5,TCP,10.159.86.8,1883,ddos,True,motion,HIGH,0,1,1,2,7,1,1,0,0,0,1,HIGH,23
986834,MOTION_206,ESP32_Fall_Detection_Motion,Ward_01,False,5,BLE_MQTT,10.253.109.99,4444,ddos,True,motion,HIGH,0,1,1,2,0,1,1,0,1,0,0,HIGH,23
986864,MOTION_283,ESP32_Fall_Detection_Motion,Ward_01,False,5,TCP,10.51.13.123,1883,ddos,True,motion,HIGH,0,1,1,2,7,1,1,0,0,0,1,HIGH,23
986894,MOTION_468,ESP32_Fall_Detection_Motion,Ward_01,False,5,TCP,10.232.99.144,9999,ddos,True,motion,HIGH,0,1,1,2,7,1,1,0,1,0,1,HIGH,23
986924,MOTION_536,ESP32_Fall_Detection_Motion,Ward_01,False,5,TCP,10.123.38.207,9999,ddos,True,motion,HIGH,0,1,1,2,7,1,1,0,1,0,1,HIGH,23
986954,MOTION_345,ESP32_Fall_Detection_Motion,Ward_01,False,5,BLE_MQTT,10.194.187.218,9999,ddos,True,motion,HIGH,0,1,1,2,0,1,1,0,1,0,0,HIGH,23
986984,MOTION_666,ESP32_Fall_Detection_Motion,Ward_01,False,5,HTTP,10.151.154.47,9999,ddos,True,motion,HIGH,0,1,1,2,3,1,1,0,1,0,1,HIGH,23
987014,MOTION_406,ESP32_Fall_Detection_Motion,Ward_01,False,5,HTTP,10.17.30.243,9999,ddos,True,motion,HIGH,0,1,1,2,3,1,1,0,1,0,1,HIGH,23
1184459,ECG_ESP32_001,ESP32_ECG_Monitor,Ward_02,False,7,BLE_MQTT,10.38.16.20,1883,sensor_spoofing,True,ecg,HIGH,0,1,0,3,0,8,0,0,0,0,0,HIGH,24
1186463,ECG_ESP32_001,ESP32_ECG_Monitor,Ward_02,False,7,BLE_MQTT,10.38.16.20,1883,sensor_spoofing,True,ecg,HIGH,0,1,0,3,0,8,0,0,0,0,0,HIGH,24
1188484,ECG_ESP32_001,ESP32_ECG_Monitor,Ward_02,False,7,BLE_MQTT,10.38.16.20,1883,sensor_spoofing,True,ecg,HIGH,0,1,0,3,0,8,0,0,0,0,0,HIGH,24
1190505,ECG_ESP32_001,ESP32_ECG_Monitor,Ward_02,False,7,BLE_MQTT,10.38.16.20,1883,sensor_spoofing,True,ecg,HIGH,0,1,0,3,0,8,0,0,0,0,0,HIGH,24
1192538,ECG_ESP32_001,ESP32_ECG_Monitor,Ward_02,False,7,BLE_MQTT,10.38.16.20,1883,sensor_spoofing,True,ecg,HIGH,0,1,0,3,0,8,0,0,0,0,0,HIGH,24
1194558,ECG_ESP32_001,ESP32_ECG_Monitor,Ward_02,False,7,BLE_MQTT,10.38.16.20,1883,sensor_spoofing,True,ecg,HIGH,0,1,0,3,0,8,0,0,0,0,0,HIGH,24
1196561,ECG_ESP32_001,ESP32_ECG_Monitor,Ward_02,False,7,BLE_MQTT,10.38.16.20,1883,sensor_spoofing,True,ecg,HIGH,0,1,0,3,0,8,0,0,0,0,0,HIGH,24
1198588,ECG_ESP32_001,ESP32_ECG_Monitor,Ward_02,False,7,BLE_MQTT,10.38.16.20,1883,sensor_spoofing,True,ecg,HIGH,0,1,0,3,0,8,0,0,0,0,0,HIGH,24
1200622,ECG_ESP32_001,ESP32_ECG_Monitor,Ward_02,False,7,BLE_MQTT,10.38.16.20,1883,sensor_spoofing,True,ecg,HIGH,0,1,0,3,0,8,0,0,0,0,0,HIGH,24
1202631,ECG_ESP32_001,ESP32_ECG_Monitor,Ward_02,False,7,BLE_MQTT,10.38.16.20,1883,sensor_spoofing,True,ecg,HIGH,0,1,0,3,0,8,0,0,0,0,0,HIGH,24
1204661,ECG_ESP32_001,ESP32_ECG_Monitor,Ward_02,False,7,BLE_MQTT,10.38.16.20,1883,sensor_spoofing,True,ecg,HIGH,0,1,0,3,0,8,0,0,0,0,0,HIGH,24
1206666,ECG_ESP32_001,ESP32_ECG_Monitor,Ward_02,False,7,BLE_MQTT,10.38.16.20,1883,sensor_spoofing,True,ecg,HIGH,0,1,0,3,0,8,0,0,0,0,0,HIGH,24
1208698,ECG_ESP32_001,ESP32_ECG_Monitor,Ward_02,False,7,BLE_MQTT,10.38.16.20,1883,sensor_spoofing,True,ecg,HIGH,0,1,0,3,0,8,0,0,0,0,0,HIGH,24
1210710,ECG_ESP32_001,ESP32_ECG_Monitor,Ward_02,False,7,BLE_MQTT,10.38.16.20,1883,sensor_spoofing,True,ecg,HIGH,0,1,0,3,0,8,0,0,0,0,0,HIGH,24
1212724,ECG_ESP32_001,ESP32_ECG_Monitor,Ward_02,False,7,BLE_MQTT,10.38.16.20,1883,sensor_spoofing,True,ecg,HIGH,0,1,0,3,0,8,0,0,0,0,0,HIGH,24
1214744,ECG_ESP32_001,ESP32_ECG_Monitor,Ward_02,False,7,BLE_MQTT,10.38.16.20,1883,sensor_spoofing,True,ecg,HIGH,0,1,0,3,0,8,0,0,0,0,0,HIGH,24
1216750,ECG_ESP32_001,ESP32_ECG_Monitor,Ward_02,False,7,BLE_MQTT,10.38.16.20,1883,sensor_spoofing,True,ecg,HIGH,0,1,0,3,0,8,0,0,0,0,0,HIGH,24
1218778,ECG_ESP32_001,ESP32_ECG_Monitor,Ward_02,False,7,BLE_MQTT,10.38.16.20,1883,sensor_spoofing,True,ecg,HIGH,0,1,0,3,0,8,0,0,0,0,0,HIGH,24
1220783,ECG_ESP32_001,ESP32_ECG_Monitor,Ward_02,False,7,BLE_MQTT,10.38.16.20,1883,sensor_spoofing,True,ecg,HIGH,0,1,0,3,0,8,0,0,0,0,0,HIGH,24
1222799,ECG_ESP32_001,ESP32_ECG_Monitor,Ward_02,False,7,BLE_MQTT,10.38.16.20,1883,sensor_spoofing,True,ecg,HIGH,0,1,0,3,0,8,0,0,0,0,0,HIGH,24
1265197,ECG_ESP32_001,ESP32_ECG_Monitor,Ward_02,False,7,BLE_MQTT,10.38.16.20,6666,mqtt_port_manipulation,True,ecg,HIGH,0,1,0,3,0,5,0,0,1,0,0,HIGH,25
1267221,ECG_ESP32_001,ESP32_ECG_Monitor,Ward_02,False,7,BLE_MQTT,10.38.16.20,6666,mqtt_port_manipulation,True,ecg,HIGH,0,1,0,3,0,5,0,0,1,0,0,HIGH,25
1269222,ECG_ESP32_001,ESP32_ECG_Monitor,Ward_02,False,7,BLE_MQTT,10.38.16.20,6666,mqtt_port_manipulation,True,ecg,HIGH,0,1,0,3,0,5,0,0,1,0,0,HIGH,25
1271237,ECG_ESP32_001,ESP32_ECG_Monitor,Ward_02,False,7,BLE_MQTT,10.38.16.20,7777,mqtt_port_manipulation,True,ecg,HIGH,0,1,0,3,0,5,0,0,1,0,0,HIGH,25
1273245,ECG_ESP32_001,ESP32_ECG_Monitor,Ward_02,False,7,BLE_MQTT,10.38.16.20,7777,mqtt_port_manipulation,True,ecg,HIGH,0,1,0,3,0,5,0,0,1,0,0,HIGH,25
1275247,ECG_ESP32_001,ESP32_ECG_Monitor,Ward_02,False,7,BLE_MQTT,10.38.16.20,4444,mqtt_port_manipulation,True,ecg,HIGH,0,1,0,3,0,5,0,0,1,0,0,HIGH,25
1277275,ECG_ESP32_001,ESP32_ECG_Monitor,Ward_02,False,7,BLE_MQTT,10.38.16.20,6666,mqtt_port_manipulation,True,ecg,HIGH,0,1,0,3,0,5,0,0,1,0,0,HIGH,25
1279288,ECG_ESP32_001,ESP32_ECG_Monitor,Ward_02,False,7,BLE_MQTT,10.38.16.20,6666,mqtt_port_manipulation,True,ecg,HIGH,0,1,0,3,0,5,0,0,1,0,0,HIGH,25
1281289,ECG_ESP32_001,ESP32_ECG_Monitor,Ward_02,False,7,BLE_MQTT,10.38.16.20,4444,mqtt_port_manipulation,True,ecg,HIGH,0,1,0,3,0,5,0,0,1,0,0,HIGH,25
1283308,ECG_ESP32_001,ESP32_ECG_Monitor,Ward_02,False,7,BLE_MQTT,10.38.16.20,4444,mqtt_port_manipulation,True,ecg,HIGH,0,1,0,3,0,5,0,0,1,0,0,HIGH,25
1285344,ECG_ESP32_001,ESP32_ECG_Monitor,Ward_02,False,7,BLE_MQTT,10.38.16.20,6666,mqtt_port_manipulation,True,ecg,HIGH,0,1,0,3,0,5,0,0,1,0,0,HIGH,25
1287354,ECG_ESP32_001,ESP32_ECG_Monitor,Ward_02,False,7,BLE_MQTT,10.38.16.20,9002,mqtt_port_manipulation,True,ecg,HIGH,0,1,0,3,0,5,0,0,1,0,0,HIGH,25
1289362,ECG_ESP32_001,ESP32_ECG_Monitor,Ward_02,False,7,BLE_MQTT,10.38.16.20,6666,mqtt_port_manipulation,True,ecg,HIGH,0,1,0,3,0,5,0,0,1,0,0,HIGH,25
1291366,ECG_ESP32_001,ESP32_ECG_Monitor,Ward_02,False,7,BLE_MQTT,10.38.16.20,7777,mqtt_port_manipulation,True,ecg,HIGH,0,1,0,3,0,5,0,0,1,0,0,HIGH,25
1293393,ECG_ESP32_001,ESP32_ECG_Monitor,Ward_02,False,7,BLE_MQTT,10.38.16.20,6666,mqtt_port_manipulation,True,ecg,HIGH,0,1,0,3,0,5,0,0,1,0,0,HIGH,25
1295419,ECG_ESP32_001,ESP32_ECG_Monitor,Ward_02,False,7,BLE_MQTT,10.38.16.20,4444,mqtt_port_manipulation,True,ecg,HIGH,0,1,0,3,0,5,0,0,1,0,0,HIGH,25
1297426,ECG_ESP32_001,ESP32_ECG_Monitor,Ward_02,False,7,BLE_MQTT,10.38.16.20,6666,mqtt_port_manipulation,True,ecg,HIGH,0,1,0,3,0,5,0,0,1,0,0,HIGH,25
1299462,ECG_ESP32_001,ESP32_ECG_Monitor,Ward_02,False,7,BLE_MQTT,10.38.16.20,6666,mqtt_port_manipulation,True,ecg,HIGH,0,1,0,3,0,5,0,0,1,0,0,HIGH,25
1301489,ECG_ESP32_001,ESP32_ECG_Monitor,Ward_02,False,7,BLE_MQTT,10.38.16.20,6666,mqtt_port_manipulation,True,ecg,HIGH,0,1,0,3,0,5,0,0,1,0,0,HIGH,25
1303507,ECG_ESP32_001,ESP32_ECG_Monitor,Ward_02,False,7,BLE_MQTT,10.38.16.20,7777,mqtt_port_manipulation,True,ecg,HIGH,0,1,0,3,0,5,0,0,1,0,0,HIGH,25
1345898,UNKNOWN_DEVICE,ESP32_ECG_Monitor,Ward_02,False,7,BLE_MQTT,10.38.16.20,1883,device_identity_spoofing,True,ecg,HIGH,0,1,0,3,0,2,0,0,0,1,0,HIGH,26
1347924,UNKNOWN_DEVICE,ESP32_ECG_Monitor,Ward_02,False,7,BLE_MQTT,10.38.16.20,1883,device_identity_spoofing,True,ecg,HIGH,0,1,0,3,0,2,0,0,0,1,0,HIGH,26
1349927,CLONE_AD8232,ESP32_ECG_Monitor,Ward_02,False,7,BLE_MQTT,10.38.16.20,1883,device_identity_spoofing,True,ecg,HIGH,0,1,0,3,0,2,0,0,0,1,0,HIGH,26
1351957,GHOST_ECG,ESP32_ECG_Monitor,Ward_02,False,7,BLE_MQTT,10.38.16.20,1883,device_identity_spoofing,True,ecg,HIGH,0,1,0,3,0,2,0,0,0,1,0,HIGH,26
1353977,ROGUE_ECG_001,ESP32_ECG_Monitor,Ward_02,False,7,BLE_MQTT,10.38.16.20,1883,device_identity_spoofing,True,ecg,HIGH,0,1,0,3,0,2,0,0,0,1,0,HIGH,26
1355985,CLONE_AD8232,ESP32_ECG_Monitor,Ward_02,False,7,BLE_MQTT,10.38.16.20,1883,device_identity_spoofing,True,ecg,HIGH,0,1,0,3,0,2,0,0,0,1,0,HIGH,26
1358001,UNKNOWN_DEVICE,ESP32_ECG_Monitor,Ward_02,False,7,BLE_MQTT,10.38.16.20,1883,device_identity_spoofing,True,ecg,HIGH,0,1,0,3,0,2,0,0,0,1,0,HIGH,26
1360026,GHOST_ECG,ESP32_ECG_Monitor,Ward_02,False,7,BLE_MQTT,10.38.16.20,1883,device_identity_spoofing,True,ecg,HIGH,0,1,0,3,0,2,0,0,0,1,0,HIGH,26
1362044,GHOST_ECG,ESP32_ECG_Monitor,Ward_02,False,7,BLE_MQTT,10.38.16.20,1883,device_identity_spoofing,True,ecg,HIGH,0,1,0,3,0,2,0,0,0,1,0,HIGH,26
1364048,ROGUE_ECG_001,ESP32_ECG_Monitor,Ward_02,False,7,BLE_MQTT,10.38.16.20,1883,device_identity_spoofing,True,ecg,HIGH,0,1,0,3,0,2,0,0,0,1,0,HIGH,26
1366056,CLONE_AD8232,ESP32_ECG_Monitor,Ward_02,False,7,BLE_MQTT,10.38.16.20,1883,device_identity_spoofing,True,ecg,HIGH,0,1,0,3,0,2,0,0,0,1,0,HIGH,26
1368076,CLONE_AD8232,ESP32_ECG_Monitor,Ward_02,False,7,BLE_MQTT,10.38.16.20,1883,device_identity_spoofing,True,ecg,HIGH,0,1,0,3,0,2,0,0,0,1,0,HIGH,26
1370101,GHOST_ECG,ESP32_ECG_Monitor,Ward_02,False,7,BLE_MQTT,10.38.16.20,1883,device_identity_spoofing,True,ecg,HIGH,0,1,0,3,0,2,0,0,0,1,0,HIGH,26
1372115,UNKNOWN_DEVICE,ESP32_ECG_Monitor,Ward_02,False,7,BLE_MQTT,10.38.16.20,1883,device_identity_spoofing,True,ecg,HIGH,0,1,0,3,0,2,0,0,0,1,0,HIGH,26
1374131,GHOST_ECG,ESP32_ECG_Monitor,Ward_02,False,7,BLE_MQTT,10.38.16.20,1883,device_identity_spoofing,True,ecg,HIGH,0,1,0,3,0,2,0,0,0,1,0,HIGH,26
1376145,GHOST_ECG,ESP32_ECG_Monitor,Ward_02,False,7,BLE_MQTT,10.38.16.20,1883,device_identity_spoofing,True,ecg,HIGH,0,1,0,3,0,2,0,0,0,1,0,HIGH,26
1378159,UNKNOWN_DEVICE,ESP32_ECG_Monitor,Ward_02,False,7,BLE_MQTT,10.38.16.20,1883,device_identity_spoofing,True,ecg,HIGH,0,1,0,3,0,2,0,0,0,1,0,HIGH,26
1380191,ROGUE_ECG_001,ESP32_ECG_Monitor,Ward_02,False,7,BLE_MQTT,10.38.16.20,1883,device_identity_spoofing,True,ecg,HIGH,0,1,0,3,0,2,0,0,0,1,0,HIGH,26
1382213,ROGUE_ECG_001,ESP32_ECG_Monitor,Ward_02,False,7,BLE_MQTT,10.38.16.20,1883,device_identity_spoofing,True,ecg,HIGH,0,1,0,3,0,2,0,0,0,1,0,HIGH,26
1384218,CLONE_AD8232,ESP32_ECG_Monitor,Ward_02,False,7,BLE_MQTT,10.38.16.20,1883,device_identity_spoofing,True,ecg,HIGH,0,1,0,3,0,2,0,0,0,1,0,HIGH,26
1446829,ECG_ESP32_001,ESP32_ECG_Monitor,Ward_02,False,7,RAW_TCP,10.38.16.20,23,protocol_anomaly,True,ecg,HIGH,0,1,0,3,6,7,0,0,1,0,1,HIGH,27
1448836,ECG_ESP32_001,ESP32_ECG_Monitor,Ward_02,False,7,FTP,10.38.16.20,21,protocol_anomaly,True,ecg,HIGH,0,1,0,3,2,7,0,0,1,0,1,HIGH,27
1450870,ECG_ESP32_001,ESP32_ECG_Monitor,Ward_02,False,7,FTP,10.38.16.20,80,protocol_anomaly,True,ecg,HIGH,0,1,0,3,2,7,0,0,1,0,1,HIGH,27
1452889,ECG_ESP32_001,ESP32_ECG_Monitor,Ward_02,False,7,HTTP,10.38.16.20,80,protocol_anomaly,True,ecg,HIGH,0,1,0,3,3,7,0,0,1,0,1,HIGH,27
1454913,ECG_ESP32_001,ESP32_ECG_Monitor,Ward_02,False,7,HTTP,10.38.16.20,21,protocol_anomaly,True,ecg,HIGH,0,1,0,3,3,7,0,0,1,0,1,HIGH,27
1456942,ECG_ESP32_001,ESP32_ECG_Monitor,Ward_02,False,7,HTTP,10.38.16.20,80,protocol_anomaly,True,ecg,HIGH,0,1,0,3,3,7,0,0,1,0,1,HIGH,27
1458964,ECG_ESP32_001,ESP32_ECG_Monitor,Ward_02,False,7,HTTP,10.38.16.20,9999,protocol_anomaly,True,ecg,HIGH,0,1,0,3,3,7,0,0,1,0,1,HIGH,27
1460987,ECG_ESP32_001,ESP32_ECG_Monitor,Ward_02,False,7,RAW_TCP,10.38.16.20,9999,protocol_anomaly,True,ecg,HIGH,0,1,0,3,6,7,0,0,1,0,1,HIGH,27
1463011,ECG_ESP32_001,ESP32_ECG_Monitor,Ward_02,False,7,RAW_TCP,10.38.16.20,80,protocol_anomaly,True,ecg,HIGH,0,1,0,3,6,7,0,0,1,0,1,HIGH,27
1465024,ECG_ESP32_001,ESP32_ECG_Monitor,Ward_02,False,7,TELNET,10.38.16.20,9999,protocol_anomaly,True,ecg,HIGH,0,1,0,3,8,7,0,0,1,0,1,HIGH,27
1467044,ECG_ESP32_001,ESP32_ECG_Monitor,Ward_02,False,7,FTP,10.38.16.20,80,protocol_anomaly,True,ecg,HIGH,0,1,0,3,2,7,0,0,1,0,1,HIGH,27
1469065,ECG_ESP32_001,ESP32_ECG_Monitor,Ward_02,False,7,FTP,10.38.16.20,9999,protocol_anomaly,True,ecg,HIGH,0,1,0,3,2,7,0,0,1,0,1,HIGH,27
1471084,ECG_ESP32_001,ESP32_ECG_Monitor,Ward_02,False,7,HTTP,10.38.16.20,23,protocol_anomaly,True,ecg,HIGH,0,1,0,3,3,7,0,0,1,0,1,HIGH,27
1473109,ECG_ESP32_001,ESP32_ECG_Monitor,Ward_02,False,7,TELNET,10.38.16.20,21,protocol_anomaly,True,ecg,HIGH,0,1,0,3,8,7,0,0,1,0,1,HIGH,27
1475122,ECG_ESP32_001,ESP32_ECG_Monitor,Ward_02,False,7,FTP,10.38.16.20,23,protocol_anomaly,True,ecg,HIGH,0,1,0,3,2,7,0,0,1,0,1,HIGH,27
1477132,ECG_ESP32_001,ESP32_ECG_Monitor,Ward_02,False,7,FTP,10.38.16.20,9999,protocol_anomaly,True,ecg,HIGH,0,1,0,3,2,7,0,0,1,0,1,HIGH,27
1479157,ECG_ESP32_001,ESP32_ECG_Monitor,Ward_02,False,7,TELNET,10.38.16.20,23,protocol_anomaly,True,ecg,HIGH,0,1,0,3,8,7,0,0,1,0,1,HIGH,27
1481187,ECG_ESP32_001,ESP32_ECG_Monitor,Ward_02,False,7,FTP,10.38.16.20,9999,protocol_anomaly,True,ecg,HIGH,0,1,0,3,2,7,0,0,1,0,1,HIGH,27
1483215,ECG_ESP32_001,ESP32_ECG_Monitor,Ward_02,False,7,TELNET,10.38.16.20,21,protocol_anomaly,True,ecg,HIGH,0,1,0,3,8,7,0,0,1,0,1,HIGH,27
1485217,ECG_ESP32_001,ESP32_ECG_Monitor,Ward_02,False,7,RAW_TCP,10.38.16.20,21,protocol_anomaly,True,ecg,HIGH,0,1,0,3,6,7,0,0,1,0,1,HIGH,27
1547734,ECG_ESP32_001,ESP32_ECG_Monitor,Ward_02,False,7,BLE_MQTT,10.38.16.20,1883,flooding,True,ecg,HIGH,0,1,0,3,0,3,0,0,0,0,0,HIGH,28
1547784,ECG_ESP32_001,ESP32_ECG_Monitor,Ward_02,False,7,BLE_MQTT,10.38.16.20,1883,flooding,True,ecg,HIGH,0,1,0,3,0,3,0,0,0,0,0,HIGH,28
1547834,ECG_ESP32_001,ESP32_ECG_Monitor,Ward_02,False,7,BLE_MQTT,10.38.16.20,1883,flooding,True,ecg,HIGH,0,1,0,3,0,3,0,0,0,0,0,HIGH,28
1547884,ECG_ESP32_001,ESP32_ECG_Monitor,Ward_02,False,7,BLE_MQTT,10.38.16.20,1883,flooding,True,ecg,HIGH,0,1,0,3,0,3,0,0,0,0,0,HIGH,28
1547934,ECG_ESP32_001,ESP32_ECG_Monitor,Ward_02,False,7,BLE_MQTT,10.38.16.20,1883,flooding,True,ecg,HIGH,0,1,0,3,0,3,0,0,0,0,0,HIGH,28
1547984,ECG_ESP32_001,ESP32_ECG_Monitor,Ward_02,False,7,BLE_MQTT,10.38.16.20,1883,flooding,True,ecg,HIGH,0,1,0,3,0,3,0,0,0,0,0,HIGH,28
1548034,ECG_ESP32_001,ESP32_ECG_Monitor,Ward_02,False,7,BLE_MQTT,10.38.16.20,1883,flooding,True,ecg,HIGH,0,1,0,3,0,3,0,0,0,0,0,HIGH,28
1548084,ECG_ESP32_001,ESP32_ECG_Monitor,Ward_02,False,7,BLE_MQTT,10.38.16.20,1883,flooding,True,ecg,HIGH,0,1,0,3,0,3,0,0,0,0,0,HIGH,28
1548134,ECG_ESP32_001,ESP32_ECG_Monitor,Ward_02,False,7,BLE_MQTT,10.38.16.20,1883,flooding,True,ecg,HIGH,0,1,0,3,0,3,0,0,0,0,0,HIGH,28
1548184,ECG_ESP32_001,ESP32_ECG_Monitor,Ward_02,False,7,BLE_MQTT,10.38.16.20,1883,flooding,True,ecg,HIGH,0,1,0,3,0,3,0,0,0,0,0,HIGH,28
1548234,ECG_ESP32_001,ESP32_ECG_Monitor,Ward_02,False,7,BLE_MQTT,10.38.16.20,1883,flooding,True,ecg,HIGH,0,1,0,3,0,3,0,0,0,0,0,HIGH,28
1548284,ECG_ESP32_001,ESP32_ECG_Monitor,Ward_02,False,7,BLE_MQTT,10.38.16.20,1883,flooding,True,ecg,HIGH,0,1,0,3,0,3,0,0,0,0,0,HIGH,28
1548334,ECG_ESP32_001,ESP32_ECG_Monitor,Ward_02,False,7,BLE_MQTT,10.38.16.20,1883,flooding,True,ecg,HIGH,0,1,0,3,0,3,0,0,0,0,0,HIGH,28
1548384,ECG_ESP32_001,ESP32_ECG_Monitor,Ward_02,False,7,BLE_MQTT,10.38.16.20,1883,flooding,True,ecg,HIGH,0,1,0,3,0,3,0,0,0,0,0,HIGH,28
1548434,ECG_ESP32_001,ESP32_ECG_Monitor,Ward_02,False,7,BLE_MQTT,10.38.16.20,1883,flooding,True,ecg,HIGH,0,1,0,3,0,3,0,0,0,0,0,HIGH,28
1548484,ECG_ESP32_001,ESP32_ECG_Monitor,Ward_02,False,7,BLE_MQTT,10.38.16.20,1883,flooding,True,ecg,HIGH,0,1,0,3,0,3,0,0,0,0,0,HIGH,28
1548534,ECG_ESP32_001,ESP32_ECG_Monitor,Ward_02,False,7,BLE_MQTT,10.38.16.20,1883,flooding,True,ecg,HIGH,0,1,0,3,0,3,0,0,0,0,0,HIGH,28
1548584,ECG_ESP32_001,ESP32_ECG_Monitor,Ward_02,False,7,BLE_MQTT,10.38.16.20,1883,flooding,True,ecg,HIGH,0,1,0,3,0,3,0,0,0,0,0,HIGH,28
1548634,ECG_ESP32_001,ESP32_ECG_Monitor,Ward_02,False,7,BLE_MQTT,10.38.16.20,1883,flooding,True,ecg,HIGH,0,1,0,3,0,3,0,0,0,0,0,HIGH,28
1548684,ECG_ESP32_001,ESP32_ECG_Monitor,Ward_02,False,7,BLE_MQTT,10.38.16.20,1883,flooding,True,ecg,HIGH,0,1,0,3,0,3,0,0,0,0,0,HIGH,28
1548734,ECG_ESP32_001,ESP32_ECG_Monitor,Ward_02,False,7,BLE_MQTT,10.38.16.20,1883,flooding,True,ecg,HIGH,0,1,0,3,0,3,0,0,0,0,0,HIGH,28
1548784,ECG_ESP32_001,ESP32_ECG_Monitor,Ward_02,False,7,BLE_MQTT,10.38.16.20,1883,flooding,True,ecg,HIGH,0,1,0,3,0,3,0,0,0,0,0,HIGH,28
1548834,ECG_ESP32_001,ESP32_ECG_Monitor,Ward_02,False,7,BLE_MQTT,10.38.16.20,1883,flooding,True,ecg,HIGH,0,1,0,3,0,3,0,0,0,0,0,HIGH,28
1548884,ECG_ESP32_001,ESP32_ECG_Monitor,Ward_02,False,7,BLE_MQTT,10.38.16.20,1883,flooding,True,ecg,HIGH,0,1,0,3,0,3,0,0,0,0,0,HIGH,28
1548934,ECG_ESP32_001,ESP32_ECG_Monitor,Ward_02,False,7,BLE_MQTT,10.38.16.20,1883,flooding,True,ecg,HIGH,0,1,0,3,0,3,0,0,0,0,0,HIGH,28
1599485,ECG_ESP32_001,ESP32_ECG_Monitor,Ward_02,False,7,BLE_MQTT,172.18.94.113,1883,ip_spoofing,True,ecg,HIGH,0,1,0,3,0,4,0,0,0,0,0,HIGH,29
1601488,ECG_ESP32_001,ESP32_ECG_Monitor,Ward_02,False,7,BLE_MQTT,172.20.105.177,1883,ip_spoofing,True,ecg,HIGH,0,1,0,3,0,4,0,0,0,0,0,HIGH,29
1603506,ECG_ESP32_001,ESP32_ECG_Monitor,Ward_02,False,7,BLE_MQTT,172.23.165.231,1883,ip_spoofing,True,ecg,HIGH,0,1,0,3,0,4,0,0,0,0,0,HIGH,29
1605511,ECG_ESP32_001,ESP32_ECG_Monitor,Ward_02,False,7,BLE_MQTT,172.26.183.221,1883,ip_spoofing,True,ecg,HIGH,0,1,0,3,0,4,0,0,0,0,0,HIGH,29
1607547,ECG_ESP32_001,ESP32_ECG_Monitor,Ward_02,False,7,BLE_MQTT,172.30.2.166,1883,ip_spoofing,True,ecg,HIGH,0,1,0,3,0,4,0,0,0,0,0,HIGH,29
1609554,ECG_ESP32_001,ESP32_ECG_Monitor,Ward_02,False,7,BLE_MQTT,172.19.156.89,1883,ip_spoofing,True,ecg,HIGH,0,1,0,3,0,4,0,0,0,0,0,HIGH,29
1611579,ECG_ESP32_001,ESP32_ECG_Monitor,Ward_02,False,7,BLE_MQTT,172.23.189.113,1883,ip_spoofing,True,ecg,HIGH,0,1,0,3,0,4,0,0,0,0,0,HIGH,29
1613612,ECG_ESP32_001,ESP32_ECG_Monitor,Ward_02,False,7,BLE_MQTT,172.28.63.186,1883,ip_spoofing,True,ecg,HIGH,0,1,0,3,0,4,0,0,0,0,0,HIGH,29
1615642,ECG_ESP32_001,ESP32_ECG_Monitor,Ward_02,False,7,BLE_MQTT,172.29.245.159,1883,ip_spoofing,True,ecg,HIGH,0,1,0,3,0,4,0,0,0,0,0,HIGH,29
1617654,ECG_ESP32_001,ESP32_ECG_Monitor,Ward_02,False,7,BLE_MQTT,172.24.48.114,1883,ip_spoofing,True,ecg,HIGH,0,1,0,3,0,4,0,0,0,0,0,HIGH,29
1619663,ECG_ESP32_001,ESP32_ECG_Monitor,Ward_02,False,7,BLE_MQTT,172.28.103.190,1883,ip_spoofing,True,ecg,HIGH,0,1,0,3,0,4,0,0,0,0,0,HIGH,29
1621666,ECG_ESP32_001,ESP32_ECG_Monitor,Ward_02,False,7,BLE_MQTT,172.20.138.83,1883,ip_spoofing,True,ecg,HIGH,0,1,0,3,0,4,0,0,0,0,0,HIGH,29
1623670,ECG_ESP32_001,ESP32_ECG_Monitor,Ward_02,False,7,BLE_MQTT,172.22.110.123,1883,ip_spoofing,True,ecg,HIGH,0,1,0,3,0,4,0,0,0,0,0,HIGH,29
1625677,ECG_ESP32_001,ESP32_ECG_Monitor,Ward_02,False,7,BLE_MQTT,172.21.5.111,1883,ip_spoofing,True,ecg,HIGH,0,1,0,3,0,4,0,0,0,0,0,HIGH,29
1627700,ECG_ESP32_001,ESP32_ECG_Monitor,Ward_02,False,7,BLE_MQTT,172.17.33.228,1883,ip_spoofing,True,ecg,HIGH,0,1,0,3,0,4,0,0,0,0,0,HIGH,29
1629735,ECG_ESP32_001,ESP32_ECG_Monitor,Ward_02,False,7,BLE_MQTT,172.18.19.132,1883,ip_spoofing,True,ecg,HIGH,0,1,0,3,0,4,0,0,0,0,0,HIGH,29
1631746,ECG_ESP32_001,ESP32_ECG_Monitor,Ward_02,False,7,BLE_MQTT,172.28.143.218,1883,ip_spoofing,True,ecg,HIGH,0,1,0,3,0,4,0,0,0,0,0,HIGH,29
1633763,ECG_ESP32_001,ESP32_ECG_Monitor,Ward_02,False,7,BLE_MQTT,172.20.176.46,1883,ip_spoofing,True,ecg,HIGH,0,1,0,3,0,4,0,0,0,0,0,HIGH,29
1635782,ECG_ESP32_001,ESP32_ECG_Monitor,Ward_02,False,7,BLE_MQTT,172.30.203.75,1883,ip_spoofing,True,ecg,HIGH,0,1,0,3,0,4,0,0,0,0,0,HIGH,29
1637810,ECG_ESP32_001,ESP32_ECG_Monitor,Ward_02,False,7,BLE_MQTT,172.25.85.157,1883,ip_spoofing,True,ecg,HIGH,0,1,0,3,0,4,0,0,0,0,0,HIGH,29
1680188,ECG_ESP32_001,ESP32_ECG_Monitor,Ward_02,False,7,BLE_MQTT,10.38.16.20,1883,data_tampering,True,ecg,HIGH,0,1,0,3,0,0,0,0,0,0,0,HIGH,30
1682202,ECG_ESP32_001,ESP32_ECG_Monitor,Ward_02,False,7,BLE_MQTT,10.38.16.20,1883,data_tampering,True,ecg,HIGH,0,1,0,3,0,0,0,0,0,0,0,HIGH,30
1684233,ECG_ESP32_001,ESP32_ECG_Monitor,Ward_02,False,7,BLE_MQTT,10.38.16.20,1883,data_tampering,True,ecg,HIGH,0,1,0,3,0,0,0,0,0,0,0,HIGH,30
1686268,ECG_ESP32_001,ESP32_ECG_Monitor,Ward_02,False,7,BLE_MQTT,10.38.16.20,1883,data_tampering,True,ecg,HIGH,0,1,0,3,0,0,0,0,0,0,0,HIGH,30
1688294,ECG_ESP32_001,ESP32_ECG_Monitor,Ward_02,False,7,BLE_MQTT,10.38.16.20,1883,data_tampering,True,ecg,HIGH,0,1,0,3,0,0,0,0,0,0,0,HIGH,30
1690323,ECG_ESP32_001,ESP32_ECG_Monitor,Ward_02,False,7,BLE_MQTT,10.38.16.20,1883,data_tampering,True,ecg,HIGH,0,1,0,3,0,0,0,0,0,0,0,HIGH,30
1692349,ECG_ESP32_001,ESP32_ECG_Monitor,Ward_02,False,7,BLE_MQTT,10.38.16.20,1883,data_tampering,True,ecg,HIGH,0,1,0,3,0,0,0,0,0,0,0,HIGH,30
1694370,ECG_ESP32_001,ESP32_ECG_Monitor,Ward_02,False,7,BLE_MQTT,10.38.16.20,1883,data_tampering,True,ecg,HIGH,0,1,0,3,0,0,0,0,0,0,0,HIGH,30
1696400,ECG_ESP32_001,ESP32_ECG_Monitor,Ward_02,False,7,BLE_MQTT,10.38.16.20,1883,data_tampering,True,ecg,HIGH,0,1,0,3,0,0,0,0,0,0,0,HIGH,30
1698414,ECG_ESP32_001,ESP32_ECG_Monitor,Ward_02,False,7,BLE_MQTT,10.38.16.20,1883,data_tampering,True,ecg,HIGH,0,1,0,3,0,0,0,0,0,0,0,HIGH,30
1700438,ECG_ESP32_001,ESP32_ECG_Monitor,Ward_02,False,7,BLE_MQTT,10.38.16.20,1883,data_tampering,True,ecg,HIGH,0,1,0,3,0,0,0,0,0,0,0,HIGH,30
1702471,ECG_ESP32_001,ESP32_ECG_Monitor,Ward_02,False,7,BLE_MQTT,10.38.16.20,1883,data_tampering,True,ecg,HIGH,0,1,0,3,0,0,0,0,0,0,0,HIGH,30
1704503,ECG_ESP32_001,ESP32_ECG_Monitor,Ward_02,False,7,BLE_MQTT,10.38.16.20,1883,data_tampering,True,ecg,HIGH,0,1,0,3,0,0,0,0,0,0,0,HIGH,30
1706532,ECG_ESP32_001,ESP32_ECG_Monitor,Ward_02,False,7,BLE_MQTT,10.38.16.20,1883,data_tampering,True,ecg,HIGH,0,1,0,3,0,0,0,0,0,0,0,HIGH,30
1708566,ECG_ESP32_001,ESP32_ECG_Monitor,Ward_02,False,7,BLE_MQTT,10.38.16.20,1883,data_tampering,True,ecg,HIGH,0,1,0,3,0,0,0,0,0,0,0,HIGH,30
1710571,ECG_ESP32_001,ESP32_ECG_Monitor,Ward_02,False,7,BLE_MQTT,10.38.16.20,1883,data_tampering,True,ecg,HIGH,0,1,0,3,0,0,0,0,0,0,0,HIGH,30
1712604,ECG_ESP32_001,ESP32_ECG_Monitor,Ward_02,False,7,BLE_MQTT,10.38.16.20,1883,data_tampering,True,ecg,HIGH,0,1,0,3,0,0,0,0,0,0,0,HIGH,30
1714634,ECG_ESP32_001,ESP32_ECG_Monitor,Ward_02,False,7,BLE_MQTT,10.38.16.20,1883,data_tampering,True,ecg,HIGH,0,1,0,3,0,0,0,0,0,0,0,HIGH,30
1716670,ECG_ESP32_001,ESP32_ECG_Monitor,Ward_02,False,7,BLE_MQTT,10.38.16.20,1883,data_tampering,True,ecg,HIGH,0,1,0,3,0,0,0,0,0,0,0,HIGH,30
1718691,ECG_ESP32_001,ESP32_ECG_Monitor,Ward_02,False,7,BLE_MQTT,10.38.16.20,1883,data_tampering,True,ecg,HIGH,0,1,0,3,0,0,0,0,0,0,0,HIGH,30
1781188,ECG_363,ESP32_ECG_Monitor,Ward_02,False,7,BLE_MQTT,10.110.212.203,8080,ddos,True,ecg,CRITICAL,0,1,0,3,0,1,0,0,1,0,0,CRITICAL,31
1781218,ECG_297,ESP32_ECG_Monitor,Ward_02,False,7,HTTP,10.107.90.190,4444,ddos,True,ecg,CRITICAL,0,1,0,3,3,1,0,0,1,0,1,CRITICAL,31
1781248,ECG_640,ESP32_ECG_Monitor,Ward_02,False,7,BLE_MQTT,10.165.212.158,1883,ddos,True,ecg,CRITICAL,0,1,0,3,0,1,0,0,0,0,0,CRITICAL,31
1781278,ECG_875,ESP32_ECG_Monitor,Ward_02,False,7,BLE_MQTT,10.113.218.121,1883,ddos,True,ecg,CRITICAL,0,1,0,3,0,1,0,0,0,0,0,CRITICAL,31
1781308,ECG_204,ESP32_ECG_Monitor,Ward_02,False,7,TCP,10.137.221.101,1883,ddos,True,ecg,CRITICAL,0,1,0,3,7,1,0,0,0,0,1,CRITICAL,31
1781338,ECG_981,ESP32_ECG_Monitor,Ward_02,False,7,HTTP,10.48.66.160,1883,ddos,True,ecg,CRITICAL,0,1,0,3,3,1,0,0,0,0,1,CRITICAL,32
1781368,ECG_602,ESP32_ECG_Monitor,Ward_02,False,7,BLE_MQTT,10.142.167.26,4444,ddos,True,ecg,CRITICAL,0,1,0,3,0,1,0,0,1,0,0,CRITICAL,31
1781398,ECG_500,ESP32_ECG_Monitor,Ward_02,False,7,HTTP,10.198.91.181,4444,ddos,True,ecg,CRITICAL,0,1,0,3,3,1,0,0,1,0,1,CRITICAL,31
1781428,ECG_288,ESP32_ECG_Monitor,Ward_02,False,7,TCP,10.7.104.89,4444,ddos,True,ecg,CRITICAL,0,1,0,3,7,1,0,0,1,0,1,CRITICAL,32
1781458,ECG_865,ESP32_ECG_Monitor,Ward_02,False,7,BLE_MQTT,10.56.0.205,4444,ddos,True,ecg,CRITICAL,0,1,0,3,0,1,0,0,1,0,0,CRITICAL,32
1781488,ECG_390,ESP32_ECG_Monitor,Ward_02,False,7,HTTP,10.176.226.24,8080,ddos,True,ecg,CRITICAL,0,1,0,3,3,1,0,0,1,0,1,CRITICAL,31
1781518,ECG_954,ESP32_ECG_Monitor,Ward_02,False,7,TCP,10.67.59.69,8080,ddos,True,ecg,CRITICAL,0,1,0,3,7,1,0,0,1,0,1,CRITICAL,32
1781548,ECG_612,ESP32_ECG_Monitor,Ward_02,False,7,HTTP,10.59.206.158,4444,ddos,True,ecg,CRITICAL,0,1,0,3,3,1,0,0,1,0,1,CRITICAL,32
1781578,ECG_969,ESP32_ECG_Monitor,Ward_02,False,7,HTTP,10.137.51.227,8080,ddos,True,ecg,CRITICAL,0,1,0,3,3,1,0,0,1,0,1,CRITICAL,31
1781608,ECG_538,ESP32_ECG_Monitor,Ward_02,False,7,HTTP,10.60.175.150,8080,ddos,True,ecg,CRITICAL,0,1,0,3,3,1,0,0,1,0,1,CRITICAL,32
1781638,ECG_435,ESP32_ECG_Monitor,Ward_02,False,7,BLE_MQTT,10.165.152.181,1883,ddos,True,ecg,CRITICAL,0,1,0,3,0,1,0,0,0,0,0,CRITICAL,31
1781668,ECG_308,ESP32_ECG_Monitor,Ward_02,False,7,BLE_MQTT,10.29.132.249,1883,ddos,True,ecg,CRITICAL,0,1,0,3,0,1,0,0,0,0,0,CRITICAL,32
1781698,ECG_704,ESP32_ECG_Monitor,Ward_02,False,7,HTTP,10.70.154.111,4444,ddos,True,ecg,CRITICAL,0,1,0,3,3,1,0,0,1,0,1,CRITICAL,32
1781728,ECG_738,ESP32_ECG_Monitor,Ward_02,False,7,HTTP,10.136.203.135,4444,ddos,True,ecg,CRITICAL,0,1,0,3,3,1,0,0,1,0,1,CRITICAL,31
1781758,ECG_630,ESP32_ECG_Monitor,Ward_02,False,7,TCP,10.4.129.150,8080,ddos,True,ecg,CRITICAL,0,1,0,3,7,1,0,0,1,0,1,CRITICAL,32
1781788,ECG_182,ESP32_ECG_Monitor,Ward_02,False,7,TCP,10.145.84.219,1883,ddos,True,ecg,CRITICAL,0,1,0,3,7,1,0,0,0,0,1,CRITICAL,31
1781818,ECG_857,ESP32_ECG_Monitor,Ward_02,False,7,BLE_MQTT,10.122.172.218,1883,ddos,True,ecg,CRITICAL,0,1,0,3,0,1,0,0,0,0,0,CRITICAL,31
1781848,ECG_647,ESP32_ECG_Monitor,Ward_02,False,7,BLE_MQTT,10.141.99.57,1883,ddos,True,ecg,CRITICAL,0,1,0,3,0,1,0,0,0,0,0,CRITICAL,31
1781878,ECG_948,ESP32_ECG_Monitor,Ward_02,False,7,BLE_MQTT,10.32.164.101,8080,ddos,True,ecg,CRITICAL,0,1,0,3,0,1,0,0,1,0,0,CRITICAL,32
1781908,ECG_990,ESP32_ECG_Monitor,Ward_02,False,7,HTTP,10.88.30.200,4444,ddos,True,ecg,CRITICAL,0,1,0,3,3,1,0,0,1,0,1,CRITICAL,32
1781938,ECG_641,ESP32_ECG_Monitor,Ward_02,False,7,TCP,10.87.254.88,1883,ddos,True,ecg,CRITICAL,0,1,0,3,7,1,0,0,0,0,1,CRITICAL,32
1781968,ECG_748,ESP32_ECG_Monitor,Ward_02,False,7,BLE_MQTT,10.196.114.131,8080,ddos,True,ecg,CRITICAL,0,1,0,3,0,1,0,0,1,0,0,CRITICAL,31
1781998,ECG_381,ESP32_ECG_Monitor,Ward_02,False,7,TCP,10.84.135.12,4444,ddos,True,ecg,CRITICAL,0,1,0,3,7,1,0,0,1,0,1,CRITICAL,32
1782028,ECG_955,ESP32_ECG_Monitor,Ward_02,False,7,TCP,10.117.230.99,4444,ddos,True,ecg,CRITICAL,0,1,0,3,7,1,0,0,1,0,1,CRITICAL,31
1782058,ECG_210,ESP32_ECG_Monitor,Ward_02,False,7,HTTP,10.12.226.61,4444,ddos,True,ecg,CRITICAL,0,1,0,3,3,1,0,0,1,0,1,CRITICAL,31
